[{"model": "proposal.textblock", "pk": 3, "fields": {"order": 1, "name": "Proposal abstract", "description": "Abstract for the entire proposal; no need to add a headline; it will be created by the template.", "filename": "ProposalAbstract.md", "textblock": "Lorem ipsum dolor sit amet, consequat massa id proin, ac justo sapien ligula ipsum dolor fermentum, posuere libero id hymenaeos quis lobortis placerat. Quam ultricies. Ut et faucibus, nam ipsum praesent wisi in, felis vehicula adipiscing sed felis, vestibulum libero porttitor non felis libero, rutrum mattis suscipit ut sociis. Dui proin sociis, dolor volutpat, pellentesque vestibulum. Praesent est in tortor donec, malesuada dignissim in, penatibus fusce laoreet wisi etiam odio, lacinia sit nec lectus felis, sociis sem consectetuer porttitor. Sed a wisi vitae, nullam nec, metus vitae, accumsan luctus parturient sed fusce, sapien nullam. Porttitor aliquet rhoncus dignissim elit magna, libero tempus, velit rhoncus et semper, molestie tortor ridiculus quisque semper justo, sed vel pellentesque amet ligula. Quis ipsum est pellentesque maecenas. Imperdiet ut, orci nascetur et mattis, faucibus sollicitudin sit. Sem orci tristique, eleifend justo curabitur tortor in vestibulum.\r\n    \r\n    \r\n    "}}, {"model": "proposal.textblock", "pk": 4, "fields": {"order": 2, "name": "Objectives", "description": "This is the Objectives part in the Excellence Section. \r\n\r\nCommission Hints: Your proposal must address a work programme topic for this call for proposals.\r\nDescribe the specific objectives for the project1, which should be clear, measurable, realistic and achievable within the duration of the project. Objectives should be consistent with the expected ex- ploitation and impact of the project (see section 2).", "filename": "ExcellenceAndObjectives.md", "textblock": "# Excellence \r\n\r\n## Objectives  {#sec:obj}\r\n\r\nLorem ipsum dolorosa \r\n    \r\n![This is a caption](/media/upload/b04ee7c7-e714-49bb-b1c3-1d2b81f575ca.png){#fig:mylabel .class width=50%}\r\n    \r\n    \r\nAs discussed in  [@fig:mylabel]   in [@sec:obj].\r\n    \r\n### A table test \r\n\r\n| A | B | C |\r\n|---|---|---|\r\n| A | B | C |\r\n   \r\n### Another test picture \r\n\r\n![A tikz figure as an example](/media/upload/5ef8028d-e991-43ea-be67-a729aa8b7012.jpg){#fig:tikzexample .class width=25%}\r\n    \r\n    \r\n    \r\n    \r\n    "}}, {"model": "proposal.textblock", "pk": 5, "fields": {"order": 3, "name": "Relation to work programme", "description": "Commission hints: \r\n\r\nIndicate the work programme topic to which your proposal relates, and explain how your proposal addresses the specific challenge and scope of that topic, as set out in the work programme.", "filename": "RelationWorkProgramme.md", "textblock": "## Relation to the work programme \r\n\r\nLorem ipsum dolorosa \r\n    "}}, {"model": "proposal.textblock", "pk": 6, "fields": {"order": 4, "name": "Concept and approach", "description": "Commission hints: \r\n\r\nDescribe and explain the overall concept underpinning the project. Describe the main ideas, models or assumptions involved. Identify any trans-disciplinary considerations;\r\nDescribe the positioning of the project e.g. where it is situated in the spectrum from \u2018idea to appli- cation\u2019, or from \u2018lab to market\u2019. Refer to Technology Readiness Levels where relevant. (See General Annex G of the work programme);\r\nDescribe any national or international research and innovation activities which will be linked with the project, especially where the outputs from these will feed into the project;\r\nDescribe and explain the overall approach and methodology, distinguishing, as appropriate, activities indicated in the relevant section of the work programme, e.g. for research, demonstration, piloting, first market replication, etc;\r\nWhere relevant, describe how sex and/or gender analysis is taken into account in the project\u2019s content.", "filename": "ConceptAndApproach.md", "textblock": "## Concept and approach \r\n\r\nLorem ipsum dolorosa \r\n    "}}, {"model": "proposal.textblock", "pk": 7, "fields": {"order": 5, "name": "Ambition", "description": "Commission hints: \r\n\r\nDescribe the advance your proposal would provide beyond the state-of-the-art, and the extent the pro- posed work is ambitious. Your answer could refer to the ground-breaking nature of the objectives, concepts involved, issues and problems to be addressed, and approaches and methods to be used. Describe the innovation potential which the proposal represents. Where relevant, refer to products and services already available on the market. Please refer to the results of any patent search carried out.", "filename": "AmbitionDescription.md", "textblock": "## Ambition \r\n\r\nLorem ipsum dolorosa \r\n\r\n    "}}, {"model": "proposal.textblock", "pk": 8, "fields": {"order": 6, "name": "Expected impacts", "description": "Commission hints: \r\n\r\nDescribe how your project will contribute to:\r\nthe expected impacts set out in the work programme, under the relevant topic;\r\nimproving innovation capacity and the integration of new knowledge (strengthening the competitive- ness and growth of companies by developing innovations meeting the needs of European and global markets; and, where relevant, by delivering such innovations to the markets;\r\nany other environmental and socially important impacts (if not already covered above).\r\nDescribe any barriers/obstacles, and any framework conditions (such as regulation and standards), that may determine whether and to what extent the expected impacts will be achieved. (This should not include any risk factors concerning implementation, as covered in section 3.2.)", "filename": "ExpectedImpacts.md", "textblock": "# Impact \r\n\r\n## Expected impacts \r\n\r\nWe use this part to demonstrate some citation commands. \r\n\r\n### Cross-referencing a figure: \r\n\r\nAs we highlighted already in  [@fig:tikzexample]\r\n\r\n\r\n### Citing bibliographic sources \r\n\r\nNote that the keys used here have to be present in one of the bibliography files, else no reference can be produced. \r\n\r\nBasic approach: add an @ in front of the citation key, and you are all set. They get turned into LaTeX natbib citation commands (see [Natbib documentation](https://www.ctan.org/pkg/natbib?lang=en) for details). \r\n\r\n\r\n* A simple citation, no parentheses:    @nunes2014survey. This produces a natbib citet command. In default settings, this produces the first author name, et al., and the reference number in square brackets. Nice to use in a sentence. \r\n* A simple citation, with parentheses around: [@nunes2014survey]. This turns into a natbib citep command. As a result, you just get the reference number in square brackets. \r\n* You can have multiple citations in one spot:  [@nunes2014survey; @foster2013languages]  (note the semicolon to separate them!) \r\n* Point to a particular section of page of a reference: [@nunes2014survey, pp. 2--3]\r\n* This works also with multiple citations:  [see @nunes2014survey, pp. 2--3 but also @foster2013languages, Section 2]\r\n* If you just want the year of a reference in a square bracket (not overly useful): [-@nunes2014survey]\r\n\r\n\r\n    \r\n    "}}, {"model": "proposal.textblock", "pk": 9, "fields": {"order": 7, "name": "Measures to maximise impact", "description": "Commission hints: \r\n\r\nDissemination:\r\nProvide a draft \u2018plan for the dissemination and exploitation of the project\u2019s results\u2019 (unless the work programme topic explicitly states that such a plan is not required). For innovation actions describe a credible path to deliver the innovations to the market. The plan, which should be proportionate to the scale of the project, should contain measures to be implemented both during and after the project. Explain how the proposed measures will help to achieve the expected impact of the project. Include a business plan where relevant.\r\nWhere relevant, include information on how the participants will manage the research data generated and/or collected during the project, in particular addressing the following issues:\r\n\u2022 What types of data will the project generate/collect?\r\n\u2022 What standards will be used?\r\n\u2022 How will this data be exploited and/or shared/made accessible for verification and re-use? If data\r\ncannot be made available, explain why.\r\n\u2022 How will this data be curated and preserved?\r\nOutline the strategy for knowledge management and protection. Include measures to provide open access (free on-line access, such as the \u2018green\u2019 or \u2018gold\u2019 model) to peer-reviewed scientific publications which might result from the project.\r\nCommunication: Describe the proposed communication measures for promoting the project and its findings during the period of the grant. Measures should be proportionate to the scale of the project, with clear objectives. They should be tailored to the needs of various audiences, including groups be- yond the project\u2019s own community. Where relevant, include measures for public/societal engagement on issues related to the project.", "filename": "MeasuresMaximizeImpact.md", "textblock": "## Measures to maximise impact \r\n\r\nLorem ipsum dolorosa \r\n    \r\n### Dissemination and exploitation of results \r\n\r\n\r\n### Communication activities \r\n    "}}, {"model": "proposal.textblock", "pk": 10, "fields": {"order": 15, "name": "List of acronyms", "description": "Add definitions of acronyms here. This is a LaTeX file, needs to follow the structure of the acronyms package. Details see here: http://mirrors.ctan.org/macros/latex/contrib/acronym/acronym.pdf", "filename": "AcronymsList.tex", "textblock": "% add acronym definitions here "}}, {"model": "proposal.textblock", "pk": 11, "fields": {"order": 9, "name": "Management structures and procedures", "description": "* Describe the organisational structure and the decision-making ( including a list of milestones (table 3.2a))\r\n\u2022 Explain why the organisational structure and decision-making mechanisms are appropriate to the complexity and scale of the project.\r\n\u2022 Describe, where relevant, how effective innovation management will be addressed in the manage- ment structure and work plan.\r\n\u2022 Innovation management is a process which requires an understanding of both market and technical problems, with a goal of successfully implementing appropriate creative ideas. A new or improved product, service or process is its typical output. It also allows a consortium to respond to an external or internal opportunity.\r\n\u2022 Describe any critical risks, relating to project implementation, that the stated project\u2019s objectives may not be achieved. Detail any risk mitigation measures. Please provide a table with critical risks identified and mitigating actions (table 3.2b)", "filename": "ManagementStructureAndProcedures.md", "textblock": "## Management structure and procedures \r\n\r\nLorem ipsum "}}, {"model": "proposal.textblock", "pk": 12, "fields": {"order": 10, "name": "Consortium as a whole", "description": "* The individual members of the consortium are described in a separate section 4. There is no need to repeat that information here.\r\n   * Describe the consortium. How will it match the project\u2019s objectives? How do the members complement one another (and cover the value chain, where appropriate)? In what way does each of them contribute to the project? How will they be able to work effectively together?\r\n   * If applicable, describe the industrial/commercial involvement in the project to ensure exploitation of the results and explain why this is consistent with and will help to achieve the specific measures which are proposed for exploitation of the results of the project (see section 2.3).\r\n   * Other countries: If one or more of the participants requesting EU funding is based in a country that is not automatically eligible for such funding (entities from Member States of the EU, from Associated Countries and from one of the countries in the exhaustive list included in General Annex A of the work programme are automatically eligible for EU funding), explain why the participation of the entity in question is essential to carrying out the project", "filename": "consortium.md", "textblock": "## Consortium as a whole \r\n\r\nLorem ipsum dolorosa \r\n    "}}, {"model": "proposal.textblock", "pk": 13, "fields": {"order": 11, "name": "Resources to be committed", "description": "* Please make sure the information in this section matches the costs as stated in the budget table in section 3 of the administrative proposal forms, and the number of person/months, shown in the detailed work package descriptions.\r\nPlease provide the following:\r\n\u2022 a table showing number of person/months required (table 3.4a)\r\n\u2022 a table showing \u2018other direct costs\u2019 (table 3.4b) for participants where those costs exceed 15\r\n\r\nNote that the tables will be generated automatically; no need to type them in manually here.", "filename": "resources.md", "textblock": "## Resources to be committed \r\n\r\nLorem ipsum "}}, {"model": "proposal.textblock", "pk": 14, "fields": {"order": 12, "name": "Members of the consortium", "description": "* This section is not covered by the page limit.\r\n   * The information provided here will be used to judge the operational capacity.\r\n\r\nParticipants: \r\n\r\nPlease provide, for each participant, the following (if available):\r\n   * a description of the legal entity and its main tasks, with an explanation of how its profile matches the tasks in the proposal;\r\n   * a curriculum vitae or description of the profile of the persons, including their gender, who will be primarily responsible for carrying out the proposed research and/or innovation activities;\r\n   * a list of up to 5 relevant publications, and/or products, services (including widely-used datasets or software), or other achievements relevant to the call content;\r\n   * a list of up to 5 relevant previous projects or activities, connected to the subject of this proposal;\r\n   * a description of any significant infrastructure and/or any major items of technical equipment, relevant to the proposed work;\r\n   * [any other supporting documents specified in the work programme for this call.]\r\n\r\n\r\nNote that the individual partner descriptions will be generated automatically", "filename": "members.md", "textblock": "# Members of the consortium \r\n\r\nLorem ipsum \r\n\r\n## Participants \r\n\r\nLorem ipsum \r\n    \r\n    "}}, {"model": "proposal.textblock", "pk": 15, "fields": {"order": 13, "name": "Third parties in the project", "description": "Describe third parties here.", "filename": "third_parties.md", "textblock": "### Third parties involved in the project (including use of third-party resources) \r\n\r\nLorem ipsum \r\n    "}}, {"model": "proposal.textblock", "pk": 16, "fields": {"order": 14, "name": "Ethics and Security", "description": "This section is not covered by the page limit.\r\n\r\nIf you have entered any ethics issues in the ethical issue table in the administrative proposal forms, you must:\r\n   * submit an ethics self-assessment, which:\r\n      * describes how the proposal meets the national legal and ethical requirements of the country or countries where the tasks raising ethical issues are to be carried out;\r\n      * explains in detail how you intend to address the issues in the ethical issues table, in particular as regards:\r\n      * research objectives (e.g. study of vulnerable populations, dual use, etc.) o research methodology (e.g. clinical trials, involvement of children and related consent procedures, protection of any data collected, etc.)\r\n      * the potential impact of the research (e.g. dual use issues, environmental damage, stigmatisation of particular social groups, political or financial retaliation, benefit-sharing, malevolent use , etc.).\r\n   * provide the documents that you need under national law(if you already have them), e.g.: \r\n      * an ethics committee opinion; \r\n      * the document notifying activities raising ethical issues or authorising such activities\r\n\r\nIf these documents are not in English, you must also submit an English summary of them (containing, if available, the conclusions of the committee or authority concerned).\r\n\r\nIf you plan to request these documents specifically for the project you are proposing, your request must contain an explicit reference to the project title.\r\n\r\nSecurity: \r\n\r\nPlease indicate if your project will involve:\r\n   * activities or results raising security issues: (YES/NO)\r\n   * 'EU-classified information' as background or results: (YES/NO)", "filename": "ethics_security.md", "textblock": "# Ethics and Security \r\n\r\n## Ethics \r\n\r\nLorem ipsum \r\n\r\n## Security \r\n\r\nLorem ipsum "}}, {"model": "proposal.textblock", "pk": 17, "fields": {"order": 8, "name": "Implementation", "description": "Note that WP tables are automatically generated! \r\n\r\nPlease provide the following:\r\n\u2022 brief presentation of the overall structure of the work plan;\r\n\u2022 timing of the different work packages and their components (Gantt chart or similar);\r\n\u2022 detailed work description, i.e.:\r\n\u2013 a description of each work package (table 3.1a); \u2013 a list of work packages (table 3.1b);\r\n\u2013 a list of major deliverables (table 3.1c);\r\n\u2022 graphical presentation of the components showing how they inter-relate (Pert chart or similar).\r\nNote: Tables and Gantt charts will be generated automatically.\r\nGive full details. Base your account on the logical structure of the project and the stages in which it is to be carried out. Include details of the resources to be allocated to each work package. The number of work packages should be proportionate to the scale and complexity of the project.\r\nYou should give enough detail in each work package to justify the proposed resources to be allocated and also quantified information so that progress can be monitored, including by the Commission.\r\nYou are advised to include a distinct work package on \u2018management\u2019 (see section 3.2) and to give due visibility in the work plan to \u2018dissemination and exploitation\u2019 and \u2018communication activities\u2019, either with distinct tasks or distinct work packages.\r\nYou will be required to include an updated (or confirmed) \u2018plan for the dissemination and exploitation of results\u2019 in both the periodic and final reports. (This does not apply to topics where a draft plan was not required.) This should include a record of activities related to dissemination and exploitation that have been undertaken and those still planned. A report of completed and planned communication activities will also be required.\r\nIf your project is taking part in the Pilot on Open Research Data4, you must include a \u2019data management plan\u2019 as a distinct deliverable within the first 6 months of the project. A template for such a plan is given in the guidelines on data management in the H2020 Online Manual. This deliverable will evolve during the lifetime of the project in order to present the status of the project\u2019s reflections on data management.\r\nDefinitions (IMPORTANT, many people do not understand difference between deliverables and mile- stones):\r\n\u2022 \u2018Work package\u2019 means a major sub-division of the proposed project.\r\n\u2022 \u2018Deliverable\u2019 means a distinct output of the project, meaningful in terms of the project\u2019s overall\r\nobjectives and constituted by a report, a document, a technical diagram, a software etc.\r\n\u2022 \u2018Milestones\u2019 means control points in the project that help to chart progress. Milestones may corre- spond to the completion of a key deliverable, allowing the next phase of the work to begin. They may also be needed at intermediary points so that, if problems have arisen, corrective measures can be taken. A milestone may be a critical decision point in the project where, for example, the consortium\r\nmust decide which of several technologies to adopt for further development.", "filename": "implementation.md", "textblock": "# Implementation \r\n\r\nWe provide the following detailed information: \r\n\r\n* A list of work packages is given in Table \\ref{tab:wpsummary}\r\n\r\n* Deliverables and miilestones are summarized in Tables \\ref{tab:deliverablesummary} and \\ref{tab:milestonessummary}\r\n\r\n* Descriptions of the invdividual work packages start on page~\\pageref{sec:wptables} with the requested WP tables. \r\n\r\n* A Gantt chart for the project as a whole is given in Figure~\\ref{fig:completeGantt} on page~\\pageref{fig:completeGantt}.\r\n    \r\n    \r\n    "}}, {"model": "proposal.textblock", "pk": 18, "fields": {"order": 16, "name": "Risks for implementation", "description": "Risk for implementation; often given as a table.", "filename": "RisksForImplementation.md", "textblock": "Risks for implementation are the following... \r\n    "}}, {"model": "proposal.partnertype", "pk": 1, "fields": {"order": 1, "shortname": "Academia", "description": "Academic partners like universities and research centers"}}, {"model": "proposal.partnertype", "pk": 2, "fields": {"order": 2, "shortname": "LE", "description": "Greater than or equal to 250 employees or revenue greater than or equal to \u00a322.8m/$22.8m"}}, {"model": "proposal.partnertype", "pk": 3, "fields": {"order": 3, "shortname": "ME", "description": "Between 50 and 249 employees or revenue greater than or equal to \u00a35.6m/$5.6m and less than \u00a322.8m/$22.8m"}}, {"model": "proposal.partnertype", "pk": 4, "fields": {"order": 4, "shortname": "SE", "description": "Less than 50 employees or revenue less than \u00a35.6m/$5.6m"}}, {"model": "proposal.partner", "pk": 1, "fields": {"order": 1, "partnername": "Consorzio Nazionale Interuniversitario per le Telecomunicazioni", "shortname": "CNIT", "partnertype": 1, "pic": "999649603", "description": "CNIT (National Inter-University Consortium for Telecommunications) is a non-profit Consortium, bringing together 37 Italian Universities to foster research activity in the field of telecommunications, and provide facilities and clustering support to the Italian academic ICT research community. CNIT participated in hundreds of research projects, including EU coordinated projects, ERC grants and Italian nation-wide initiatives.", "organization": "The Shareholders\u2019 Assembly is composed of representatives of each Member University.\nThe Director of the Consortium is elected by the Shareholders\u2019 Assembly among its members. The Director is the legal representative of the Consortium, and directs and promotes the Consortium.\nThe President of the Consortium is appointed by the Shareholders\u2019 Assembly. The President convokes and presides the Scientific Board. The President cooperates with the Director in acting as representative and promoter of the Consortium.\nThe Board of Directors is composed of the Director and four members elected by the partner\u2019s meeting out of its members. The Board of Directors acts with deliberating power of decision delegated by the Shareholders\u2019 Assembly within the limits set by the Shareholders\u2019 Assembly itself. It prepares the budget and the final budget.\nThe Scientific Board is composed of the President of the Consortium, the Director and the heads of the Research Units of the Member Universities and of the Research Departments, and moreover the National Laboratory Directors of the Consortium. The Scientific Board is the scientific consultative organ of the Consortium.\nThe Board of Auditors conducts the audit of the Consortium\u2019s management, administration and accounts.\nThe Central Administration of CNIT is in Parma and takes care of the administrative management of the Consortium assisted by personnel located in the laboratories and some Research Units.\nThe Research Units are organizations with the aim to coordinate and manage the development  of the Consortium research activities in the partner Universities or affiliated organizations.\nThe National Laboratories are CNIT resources available to all the Research Units, with the aim of developing very challenging research activities, both experimental and implementative as well as national and international.", "individuals": "Giuseppe Bianchi (male) is Full Professor of Networking at the University of Roma Tor Vergata since January 2007, and is CNIT\u2019s Executive Board member since January 2014. Giuseppe will act as Project Coordinator. His research activity includes IP networking, WLAN, privacy and security, traffic monitoring, and is documented in about 180 peer-reviewed international journal and conference paper, accounting for more than 10.300 citations and an H-index of 27 (Scholar Google). He\u2019s co-inventor in 7 filed patents. He has been visiting researcher/professor at the Washington University of St. Louis, Columbia University of New York, UCLA Los Angeles, and NUIM Dublin. He\u2019s editor for IEEE/ACM Transactions on Networking, area editor for IEEE Transactions on Wireless Communication and editor for Elsevier Computer Communication. He has chaired several international networking conferences, including IEEE Infocom 2014, ACM SRIF 2013, ACM Wintech 2011, IEEE WoWMoM 2010, etc. G. Bianchi has a huge expertise in EU project coordination (general coordinator for FP6-DISCREET and FP7-FLAVIA, technical coordinator for FP7-PRISM, scientific coordinator for FP7-DEMONS). Full CV at http://netgroup.uniroma2.it/people/faculties/giuseppebianchi/\n\nMarco Bonola (male) received the PHD degree in Telecommunications and Microelectronics Engineering in April 2011, from the University of Rome Tor Vergata, Rome, Italy. He has worked as student intern at NTT DOCOMO EuroLab from 2007 to 2008. He has been involved in several European projects: PERIMETER, DEMONS, OFELIA. His research interests are related to network security protocols, traffic monitoring platforms and softare-defined networking. \n\nSalvatore Pontarelli (male) is researcher at CNIT. He received the PhD degree in microelectronics and telecommunications in 2003. His research activity revolves around HW design, and includes fault tolerance and highly reliable digital systems, FPGA-based methods for high-speed networking and network intrusion detection systems, high speed multi-hash data structures, post-CMOS technologies.", "partnerpublications": "G. Bianchi, M. Bonola, A. Capone, C. Cascone. OpenState: programming platform-independent\nstateful OpenFlow applications inside the switch, ACM SIGCOMM Computer Commun. Review, to\nappear, 2014.\nS. Pontarelli, G. Bianchi, S. Teofili. Traffic-Aware Design of a High-Speed FPGA Network Intrusion\nDetection System. Computers, IEEE Transactions on Computers, 62(11), 2012, pp. 2322-2334.\nB. Addis, A. Capone, G. Carello, L.G. Gianoli, B. Sans. Energy Management through Optimized Routing and Device Powering for Greener Communication Networks. ACM/IEEE Trans. on\nNetworking, to appear, 2014.\nG. Bianchi, N. D\u2019Heureuse, S. Niccolini. On-demand time-decaying bloom filters for telemarketer\ndetection. ACM SIGCOMM Computer Commun. Review 41(5), pp. 5-12, 2011.\nD. Ficara, A. Di Pietro, S. Giordano, G. Procissi, F. Vitucci, G.Antichi. Differential encoding of DFAs\nfor fast regular expression matching. IEEE/ACM Transactions on Networking, 19(3):683\u2013694, 2011.", "partnerprojects": "CNIT\u2019s team has participated, with coordination roles, to PRISM and DEMONS, two EU projects on network monitoring\nCNIT\u2019s Pisa unit has developed PFQ, a software accelerated packet capture engine and monitoring framework for Linux that runs on top of vanilla drivers for any network device and takes full advantage of CPU parallelism and multi\u2013queue network cards.\nCNIT\u2019s Roma unit has developed STREAMON, a stream-based monitoring probe using an XML-based platform agnostic programming interface, and internally supporting scalable monitoring tasks based on low memory footprint multi-hash data structures.\nCNIT's personnel\u2019s experience with XFSM-based programming abstractions also includes the ideation (and patenting) of the concept of Wireless MAC processor, a closed-source Wireless Network Interface card which permits to abstract and program Medium Access control protocols using byte-coded XFSM named MAClets.", "infrastructure": "CNIT operates a satellite network, three national laboratories (Photonic Networks and Radar and Surveillance Systems, in Pisa, Multimedia Communications, in Naples) and 37 Research Units, one for each participating university.", "country": "ITA", "PMcost": "5960.00", "reimbursement_rate": "100.00", "_other_direct_cost": "50000.00", "other_direct_cost_explanation": "admin", "subcontract_cost": "0.00", "subcontract_cost_explanation": "", "finanical_support_3rd": "0.00", "finanical_support_3rd_explanation": "", "inkind_contributions": "0.00", "inkind_contributions_explanations": "", "special_uni_cost": "0.00", "special_uni_cost_explanation": "", "_requested_contribution": "900000.00"}}, {"model": "proposal.partner", "pk": 2, "fields": {"order": 2, "partnername": "University of Paderborn", "shortname": "UPB", "partnertype": 1, "pic": "367347234", "description": "Paderborn University is the University for the Information Society. Our strong foundation in computer science and its applications, as well as the importance of IT for a growing number of disciplines, are the pillars for this claim. But we want to achieve more: we want to contribute to the scientific and technical development of the information society, simultaneously critically reflecting these developments by taking into account the history, norms and values of our society. To achieve this, we need the spectrum from \u201chard\u201d sciences to the arts and humanities to complement and learn from each other.\n\nOur mission includes a strong international and cultural presence, since the information society is decidedly global and should not remain a purely intellectual undertaking. Our university orchestra, our drama group, and more than 70 different sports, are some of the important university activities that help characterize academic life here in Paderborn. \n\nOur five faculties cover a broad range of courses of study in the arts and humanities, business studies, natural sciences, and engineering. We offer 63 degree programs at bachelor and master level. Additionally, teacher education programs play an important role in Paderborn.\n\nWith over 20,300 students, 255 professors and a library that is open 350 days a year, our compact campus university provides a friendly, green, connected environment with excellent services for student life.", "organization": ".", "individuals": ".", "partnerpublications": ".", "partnerprojects": ".", "infrastructure": ".", "country": "DE", "PMcost": "6580.00", "reimbursement_rate": "100.00", "_other_direct_cost": "55500.00", "other_direct_cost_explanation": ".", "subcontract_cost": "0.00", "subcontract_cost_explanation": "", "finanical_support_3rd": "0.00", "finanical_support_3rd_explanation": "", "inkind_contributions": "0.00", "inkind_contributions_explanations": "", "special_uni_cost": "0.00", "special_uni_cost_explanation": "", "_requested_contribution": "769000.00"}}, {"model": "proposal.workpackage", "pk": 1, "fields": {"order": 1, "title": "Project Management", "tag": "WP1", "objectives": "WP1 provides the project with a light-weight and flexible technical and administrative management service, ensuring that the project objectives are met and the project timeline is respected. It will take care of rapid and effective decision-making on technical and organisational issues, and will provide full and timely compliance with EU administrative and reporting requirements. Specific objectives of this WP are: i) implement and run management bodies and procedures; ii) Maintain and update management information, produce project reports, and maintain the Consortium Agreement; iii) Manage IPR matters; iv) Facilitate conflict resolution, anticipate (when possible) and address risks, and identify/deploy contingency plans; v) Manage innovation by identifying and stimulate interaction with stakeholders; vi) Identify, stimulate, and finalize linkage and interconnection with other projects and with EU initiatives.", "description": "The day to day management at project level involve the following activities:\n\ni) Organise and manage the overall project; ii) Interact with the Commission; iii) Manage contractual, financial\nand legal duties, iv) Convene and chair the Project Management Board: v) Facilitate conflict resolution, vi) detect and address emerging risks, vii) maintain the Consortium Agreement.\n  Technical management tasks\ni) day to day technical assistance to WP activities; ii) coordinate inter-WP communication and knowledge transfer ; iii) identify and trigger reaction to cross-WP technical conflicts, vi) provide agenda and minutes for plenary meetings, coordinate them, launch and coordinate monthly phone conferences.\n  Assessment, evaluation and reporting of project results\ni) Monitor the progress of the WPs against the plans; ii) Assess the quality of the deliverables; iii) Issue project reports in accordance to contractual obligation and internal agreements, iv) prepare annual reviews.\n  Manage Intellectual Property \ni) Handle intellectual property generation and dissemination following (and updating) the established guidelines and processes provided in the Consortium Agreement and in the Contract with the EU, ii) manage IPR related conflicts or emerging issues, iii) take specific actions to include dissemination of the IPR developed in the project through: a) the project web site; b) news releases; c) EU newsletters and corresponding web pages; d) workshops with SMEs and companies in the environment of project partners; e) specific mailing to companies and potential users of the developed IPR.\n  Manage Innovation\ni) Identify market and business opportunities for the project technology, ii) establish contacts, interact and stimulate interaction with industry stakeholders and operators, iii) present project results in industry fora, iv) gather market requirements and identify relevant project strategies\n  Project linkage and interconnection\ni) Liaison with IST projects; ii) Participate/contribute to concertation , cluster meetings, other EU events/initiatives.", "type": "MGMT", "lead": 1}}, {"model": "proposal.workpackage", "pk": 2, "fields": {"order": 2, "title": "System architecture and interfaces", "tag": "WP2", "objectives": "WP2 has the twofold goal of: (1) designing a data plane API and formal language to enable stateful dynamic (real-time) adaptation of the forwarding rules (and of the extended monitoring/security action set defined in WP3) within the network nodes, and (2) prove such concept through SW and HW prototyping work.", "description": "In more details, WP2 comprises the following three specific objectives:\n- Basic Mealy Machine based API for stateful adaptation of forwarding and processing actions;\n- Extended XFSM based API supporting programmable triggering conditions and registry updates;\n- Proof of concept HW and SW implementation of the data plane API and the internal flow computing\narchitecture, including integration with an existing SDN controller.", "type": "RTD", "lead": 2}}, {"model": "proposal.task", "pk": 1, "fields": {"order": 1, "title": "Basic programming abstraction", "tag": "T2.1", "start": 1, "end": 10, "objectives": "This task directly builds on the initial intuition described in section 1.3.1 of the proposal, and has the very pragmatic goal of providing a basic design for a stateful, platform-agnostic, data plane programming interface, which minimally departs from the current OpenFlow specification.", "description": "While the candidate concept is somewhat clear (a Mealy Machine based abstraction), the task will address in depth crucial technical aspects, among which we foresee the following ones: (i) specify how flow state retrieval and update is programmed, and identify the additional mechanisms needed to decouple flow state identification from its position in the header fields, a feature necessary to support stateful cross-flow (e.g. bidirectional) handling; (ii) provide support for multiple state machines operating in parallel on different flows; (iii) identify the set of supplementary internal instructions needed to support the proposed API over an OpenFlow device, e.g. for state updates, action set handling, etc; (iv) design the API to comply (or at least not contrast) with the features included in the latest version of OpenFlow (currently version 1.4), especially table/stage pipelining, meta-data matching, shared tables, etc.; (v) identify and specify the extensions needed in OpenFlow controllers to support the API.", "wp": 2, "lead": 1}}, {"model": "proposal.task", "pk": 2, "fields": {"order": 2, "title": "Extended XFSM-based API and flow computing engine", "tag": "T2.2", "start": 11, "end": 20, "objectives": "This task has a more ambitious goal: transform a switch in a sort of network/flow processor programmed through a platform-independent abstraction. Our belief is that this can be accomplished by further introducing the ability to store temporary data into \u201cmemory registries\u201d associated to flow entries, and provide the ability to enforce state transitions only if conditions on such registries are satisfied, as well as support registry updates upon the occurrence of events and/or state transitions.", "description": "The task will address the many issues emerging in this framework, including, at least: (i) means to dynamically deploy memory registers per flow, and apply conditions (in the form of Boolean and simple arithmetic operations) before triggering state transitions, (ii) identification of global switch-level registries (e.g. queue states, link level measurements, predefined flow statistics and counters, etc) and their integration in the state machine execution engine, (iii) permit more flexible header matching and devise an event matching specification language; (iv) support soft states by including means to configure relevant timers, and extend the set of programmable events to time-based ones (e.g. timer triggers). Many issues addressed in task 2.1 will also need to be revisited in sight of the proposed extensions (e.g. controller\u2019s integration, parallel support, etc). The challenge is to perform all the above operations at wire speed, on a packet by packet basis, without impairing performance and scalability. This task will definitely advance the state of the art in data plane programmability as it will provide the possibility to program per-flow monitoring variables and triggering conditions, feature not currently considered in existing SDN data path specifications. The use cases identified in WP5 will also suggest other necessary extensions needed by the API and the underlying engine (e.g., for NAT support, arrays of used ports appear needed; for TCP reassembly memory registries must be extensible, for fragment handling and flow processing in general arithmetic instructions appear needed, and so on).", "wp": 2, "lead": 2}}, {"model": "proposal.producabletypes", "pk": 1, "fields": {"short": "DEM", "long": "Demonstration", "comments": "Short report on demonstration activities (trials, demos, etc..)"}}, {"model": "proposal.producabletypes", "pk": 2, "fields": {"short": "R", "long": "Report", "comments": "Detailed report on project activities"}}, {"model": "proposal.disseminationtypes", "pk": 1, "fields": {"short": "PU", "long": "Public", "comments": "Deliverables can be publicly distributed"}}, {"model": "proposal.disseminationtypes", "pk": 2, "fields": {"short": "CO", "long": "Confidential", "comments": "Deliverables can not be distributed publicly"}}, {"model": "proposal.deliverable", "pk": 1, "fields": {"order": 1, "title": "Basic API", "tag": "D2.1", "description": "This deliverable will document the first proposed API for the basic stateful operation support.", "due": 8, "lead": 1, "maintask": 1, "type": 2, "dissemination": 1, "wp": 2, "secondarytasks": [1]}}, {"model": "proposal.deliverable", "pk": 2, "fields": {"order": 2, "title": "Basic API PoC", "tag": "D2.2", "description": "Basic abstraction proof of concept prototype,\nThis deliverable will provide a proof of concept prototype for the basic BEBA API.", "due": 10, "lead": 2, "maintask": 1, "type": 2, "dissemination": 1, "wp": 2, "secondarytasks": [1]}}, {"model": "proposal.milestone", "pk": 1, "fields": {"order": 1, "title": "Use case and requirements definition", "tag": "M1", "description": "At month 4 the reference use case scenarios and requirements will be defined (M1). At month 4 the reference use case scenarios and requirements will be defined (M1). ", "due": 4, "lead": 1, "maintask": 1, "verification": "deliverable 2.1", "wp": 2, "secondarytasks": [1]}}, {"model": "proposal.milestone", "pk": 2, "fields": {"order": 2, "title": "Basic API delivery", "tag": "M2", "description": "At month 8 a base statefull support specification will be delivered (M2). ", "due": 8, "lead": 1, "maintask": 2, "verification": "This milestone coincides with the delivery of D2.1 BEBA abstraction API", "wp": 2, "secondarytasks": [2]}}, {"model": "proposal.taskpartnerpm", "pk": 1, "fields": {"partner": 1, "task": 1, "effort": "8.00"}}, {"model": "proposal.taskpartnerpm", "pk": 2, "fields": {"partner": 2, "task": 1, "effort": "8.00"}}, {"model": "proposal.taskpartnerpm", "pk": 3, "fields": {"partner": 1, "task": 2, "effort": "1.00"}}, {"model": "proposal.taskpartnerpm", "pk": 4, "fields": {"partner": 2, "task": 2, "effort": "5.00"}}, {"model": "proposal.deliverablepartnertaskpm", "pk": 1, "fields": {"partner": 1, "deliverable": 2, "task": 1, "effort": "4.00"}}, {"model": "proposal.deliverablepartnertaskpm", "pk": 2, "fields": {"partner": 2, "deliverable": 2, "task": 1, "effort": "4.00"}}, {"model": "proposal.deliverablepartnertaskpm", "pk": 3, "fields": {"partner": 1, "deliverable": 2, "task": 2, "effort": "2.00"}}, {"model": "proposal.deliverablepartnertaskpm", "pk": 4, "fields": {"partner": 2, "deliverable": 2, "task": 2, "effort": "2.00"}}, {"model": "proposal.deliverablepartnertaskpm", "pk": 5, "fields": {"partner": 1, "deliverable": 1, "task": 1, "effort": "10.00"}}, {"model": "proposal.deliverablepartnertaskpm", "pk": 6, "fields": {"partner": 2, "deliverable": 1, "task": 1, "effort": "10.00"}}, {"model": "proposal.deliverablepartnertaskpm", "pk": 7, "fields": {"partner": 1, "deliverable": 1, "task": 2, "effort": "32.00"}}, {"model": "proposal.deliverablepartnertaskpm", "pk": 8, "fields": {"partner": 2, "deliverable": 1, "task": 2, "effort": "12.00"}}, {"model": "proposal.project", "pk": 1, "fields": {"title": "Test project", "shortname": "TP", "lead": null, "duration": 36, "projecttype": null, "callid": null, "callobjectives": null, "coordinatorName": null, "coordinatorEmail": null, "coordinatorPhone": null}}, {"model": "proposal.setting", "pk": 1, "fields": {"group": "Gantts", "name": "wpmilestonesshow", "value": "True", "description": ""}}, {"model": "proposal.setting", "pk": 2, "fields": {"group": "Gantts", "name": "wpdeliverablesuncompressedshow", "value": "True", "description": ""}}, {"model": "proposal.setting", "pk": 3, "fields": {"group": "Gantts", "name": "showwpbar", "value": "True", "description": ""}}, {"model": "proposal.setting", "pk": 4, "fields": {"group": "Gantts", "name": "ganttperwpshowslegend", "value": "True", "description": ""}}, {"model": "proposal.setting", "pk": 5, "fields": {"group": "Gantts", "name": "ganttlegendtwocolumn", "value": "True", "description": ""}}, {"model": "proposal.setting", "pk": 6, "fields": {"group": "Gantts", "name": "gantttaskbarsshowtaskname", "value": "True", "description": ""}}, {"model": "proposal.setting", "pk": 7, "fields": {"group": "Gantts", "name": "ganttdistancebetweenms", "value": "4", "description": ""}}, {"model": "proposal.setting", "pk": 8, "fields": {"group": "Gantts", "name": "milestonedecoration", "value": "fill=orange, rounded corners=5pt", "description": ""}}, {"model": "proposal.setting", "pk": 9, "fields": {"group": "Gantts", "name": "milestonesshowcrosswp", "value": "True", "description": ""}}, {"model": "proposal.setting", "pk": 10, "fields": {"group": "Gantts", "name": "deliverablesshowcrosswp", "value": "True", "description": ""}}, {"model": "proposal.setting", "pk": 11, "fields": {"group": "Gantts", "name": "milestonelegendtemplate", "value": "\\item \\textbf{${id}}: ${Title}", "description": ""}}, {"model": "proposal.setting", "pk": 12, "fields": {"group": "Gantts", "name": "deliverablelegendtemplate", "value": "\\item \\textbf{${id}}: ${Title}", "description": ""}}, {"model": "proposal.setting", "pk": 13, "fields": {"group": "Summaries", "name": "showeffortpartnerwps", "value": "True", "description": ""}}, {"model": "proposal.setting", "pk": 14, "fields": {"group": "Summaries", "name": "showeffortpartnertasks", "value": "True", "description": ""}}, {"model": "proposal.setting", "pk": 15, "fields": {"group": "Summaries", "name": "piepmswps", "value": "True", "description": ""}}, {"model": "proposal.setting", "pk": 16, "fields": {"group": "Summaries", "name": "piebudgetpartners", "value": "False", "description": ""}}, {"model": "proposal.setting", "pk": 17, "fields": {"group": "Summaries", "name": "pierequestedbudgetpartners", "value": "False", "description": ""}}, {"model": "proposal.setting", "pk": 18, "fields": {"group": "Summaries", "name": "piepmspartners", "value": "False", "description": ""}}, {"model": "proposal.setting", "pk": 19, "fields": {"group": "Summaries", "name": "piepartnerscompact", "value": "True", "description": ""}}, {"model": "proposal.setting", "pk": 20, "fields": {"group": "Summaries", "name": "piepmspartnertypes", "value": "False", "description": ""}}, {"model": "proposal.setting", "pk": 21, "fields": {"group": "Summaries", "name": "pietotalcostpartnertype", "value": "False", "description": ""}}, {"model": "proposal.setting", "pk": 22, "fields": {"group": "Summaries", "name": "pierequestedpartnertype", "value": "False", "description": ""}}, {"model": "proposal.setting", "pk": 23, "fields": {"group": "Summaries", "name": "piepartnertypecompact", "value": "True", "description": ""}}, {"model": "proposal.setting", "pk": 24, "fields": {"group": "Summaries", "name": "piepmsnations", "value": "False", "description": ""}}, {"model": "proposal.setting", "pk": 25, "fields": {"group": "Summaries", "name": "pietotalcostnations", "value": "False", "description": ""}}, {"model": "proposal.setting", "pk": 26, "fields": {"group": "Summaries", "name": "pierequestednations", "value": "False", "description": ""}}, {"model": "proposal.setting", "pk": 27, "fields": {"group": "Summaries", "name": "pienationscompact", "value": "True", "description": ""}}, {"model": "proposal.setting", "pk": 28, "fields": {"group": "BudgetEquations", "name": "showbudget", "value": "True", "description": ""}}, {"model": "proposal.setting", "pk": 29, "fields": {"group": "BudgetEquations", "name": "rtdpersonnelcost", "value": "personMonths_RTD * PMCost", "description": ""}}, {"model": "proposal.setting", "pk": 30, "fields": {"group": "BudgetEquations", "name": "rtddirectcost", "value": "RTDPersonnelCost + Travel + DurableEquipment + Consumable + Other + Subcontracting", "description": ""}}, {"model": "proposal.setting", "pk": 31, "fields": {"group": "BudgetEquations", "name": "rtdindirectcost", "value": "(RTDDirectCost - Subcontracting) * OverheadPercent/100", "description": ""}}, {"model": "proposal.setting", "pk": 32, "fields": {"group": "BudgetEquations", "name": "totalresearch", "value": "RTDDirectCost + RTDIndirectCost", "description": ""}}, {"model": "proposal.setting", "pk": 33, "fields": {"group": "BudgetEquations", "name": "requestedresearch", "value": "totalResearch * (0.5 if Type =='IN' else 0.75)", "description": ""}}, {"model": "proposal.setting", "pk": 34, "fields": {"group": "BudgetEquations", "name": "mgmtpersonnelcost", "value": "personMonths_MGMT * MgmtPMCost", "description": ""}}, {"model": "proposal.setting", "pk": 35, "fields": {"group": "BudgetEquations", "name": "mgmtdirectcost", "value": "MgmtPersonnelCost + MgmtTravel + MgmtAuditCost", "description": ""}}, {"model": "proposal.setting", "pk": 36, "fields": {"group": "BudgetEquations", "name": "mgmtindirectcost", "value": "(MgmtDirectCost - MgmtAuditCost) * OverheadPercent/100", "description": ""}}, {"model": "proposal.setting", "pk": 37, "fields": {"group": "BudgetEquations", "name": "totalmanagement", "value": "MgmtDirectCost + MgmtIndirectCost", "description": ""}}, {"model": "proposal.setting", "pk": 38, "fields": {"group": "BudgetEquations", "name": "requestedmanagement", "value": "totalManagement", "description": ""}}, {"model": "proposal.setting", "pk": 39, "fields": {"group": "BudgetEquations", "name": "totalcost", "value": "totalResearch + totalManagement", "description": ""}}, {"model": "proposal.setting", "pk": 40, "fields": {"group": "BudgetEquations", "name": "totalrequested", "value": "requestedResearch + requestedManagement", "description": ""}}, {"model": "proposal.setting", "pk": 41, "fields": {"group": "WPTables", "name": "maxpartnersperrow", "value": "7", "description": ""}}, {"model": "proposal.setting", "pk": 42, "fields": {"group": "WPTables", "name": "firstcolumnwidth", "value": "20", "description": ""}}, {"model": "proposal.setting", "pk": 43, "fields": {"group": "WPTables", "name": "wptablespacing", "value": "@{\\hskip 0ex}", "description": ""}}, {"model": "proposal.setting", "pk": 44, "fields": {"group": "WPTables", "name": "tabularcorrection", "value": "0.84", "description": ""}}, {"model": "proposal.setting", "pk": 45, "fields": {"group": "WPTables", "name": "tasklistshowsduration", "value": "True", "description": ""}}, {"model": "proposal.setting", "pk": 46, "fields": {"group": "WPTables", "name": "tasklistshowspartners", "value": "True", "description": ""}}, {"model": "proposal.setting", "pk": 47, "fields": {"group": "WPTables", "name": "tasklistshowsdeliverables", "value": "True", "description": ""}}, {"model": "proposal.setting", "pk": 48, "fields": {"group": "WPTables", "name": "tasklistshowsmilestones", "value": "True", "description": ""}}, {"model": "proposal.setting", "pk": 49, "fields": {"group": "WPTables", "name": "wpdescriptionshowsleader", "value": "True", "description": ""}}, {"model": "proposal.setting", "pk": 50, "fields": {"group": "WPTables", "name": "taskboxshowsleader", "value": "True", "description": ""}}, {"model": "proposal.setting", "pk": 51, "fields": {"group": "WPTables", "name": "taskboxshowsobjectives", "value": "True", "description": ""}}, {"model": "proposal.setting", "pk": 52, "fields": {"group": "WPTables", "name": "taskboxshowsdescription", "value": "True", "description": ""}}, {"model": "proposal.setting", "pk": 53, "fields": {"group": "WPTables", "name": "taskboxshowsdeliverables", "value": "True", "description": ""}}, {"model": "proposal.setting", "pk": 54, "fields": {"group": "WPTables", "name": "taskboxshowsmilestones", "value": "True", "description": ""}}, {"model": "proposal.setting", "pk": 55, "fields": {"group": "WPTables", "name": "taskboxshowspartners", "value": "True", "description": ""}}, {"model": "proposal.setting", "pk": 56, "fields": {"group": "WPTables", "name": "deliverableswpshowdue", "value": "True", "description": ""}}, {"model": "proposal.setting", "pk": 57, "fields": {"group": "WPTables", "name": "deliverableswpshowtasks", "value": "True", "description": ""}}, {"model": "proposal.setting", "pk": 58, "fields": {"group": "WPTables", "name": "deliverableswpshowpartners", "value": "True", "description": ""}}, {"model": "proposal.setting", "pk": 59, "fields": {"group": "WPTables", "name": "deliverableswpshowdescription", "value": "True", "description": ""}}, {"model": "proposal.setting", "pk": 60, "fields": {"group": "WPTables", "name": "milestoneswpshowtasks", "value": "True", "description": ""}}, {"model": "proposal.setting", "pk": 61, "fields": {"group": "WPTables", "name": "milestoneswpshowpartners", "value": "True", "description": ""}}, {"model": "proposal.setting", "pk": 62, "fields": {"group": "WPTables", "name": "milestoneswpshowdue", "value": "True", "description": ""}}, {"model": "proposal.setting", "pk": 63, "fields": {"group": "WPTables", "name": "milestoneswpshowdescription", "value": "True", "description": ""}}, {"model": "proposal.setting", "pk": 64, "fields": {"group": "WPTables", "name": "colorinactivepartner", "value": "gray", "description": ""}}, {"model": "proposal.setting", "pk": 65, "fields": {"group": "Participants", "name": "newpageaftereachpartner", "value": "True", "description": ""}}, {"model": "proposal.setting", "pk": 66, "fields": {"group": "LaTeX", "name": "showcommissionhints", "value": "True", "description": ""}}, {"model": "proposal.setting", "pk": 67, "fields": {"group": "LaTeX", "name": "useshowkeys", "value": "True", "description": ""}}, {"model": "proposal.setting", "pk": 68, "fields": {"group": "LaTeX", "name": "showwarnings", "value": "True", "description": ""}}, {"model": "proposal.setting", "pk": 69, "fields": {"group": "LaTeX", "name": "showlistoftables", "value": "True", "description": ""}}, {"model": "proposal.setting", "pk": 70, "fields": {"group": "LaTeX", "name": "showlistoffigures", "value": "True", "description": ""}}, {"model": "proposal.setting", "pk": 71, "fields": {"group": "LaTeX", "name": "showacronymlist", "value": "True", "description": ""}}, {"model": "proposal.setting", "pk": 72, "fields": {"group": "LaTeX", "name": "usemultipagedeliverabletable", "value": "True", "description": ""}}, {"model": "proposal.setting", "pk": 73, "fields": {"group": "LaTeX", "name": "usemultipagemilestonetable", "value": "False", "description": ""}}, {"model": "proposal.setting", "pk": 74, "fields": {"group": "LaTeX", "name": "usemultipageefforttable", "value": "True", "description": ""}}, {"model": "proposal.setting", "pk": 75, "fields": {"group": "LaTeX", "name": "efforttablelandscape", "value": "True", "description": ""}}, {"model": "proposal.setting", "pk": 76, "fields": {"group": "LaTeX", "name": "efforttasknamewidth", "value": "20", "description": ""}}, {"model": "proposal.setting", "pk": 77, "fields": {"group": "CustomLaTeX", "name": "totalpm", "value": "sum([float(e['resources']) for e in allEfforts])", "description": ""}}, {"model": "proposal.setting", "pk": 78, "fields": {"group": "CustomLaTeX", "name": "toclevel", "value": "3", "description": ""}}, {"model": "proposal.setting", "pk": 79, "fields": {"group": "CustomLaTeX", "name": "secnumdepth", "value": "3", "description": ""}}, {"model": "proposal.setting", "pk": 80, "fields": {"group": "Etherpad", "name": "ip", "value": "131.234.31.186", "description": ""}}, {"model": "proposal.setting", "pk": 81, "fields": {"group": "Etherpad", "name": "port", "value": "9001", "description": ""}}, {"model": "proposal.setting", "pk": 82, "fields": {"group": "Etherpad", "name": "pathtokey", "value": "../APIKEY.txt", "description": ""}}, {"model": "proposal.setting", "pk": 83, "fields": {"group": "Etherpad", "name": "password", "value": "ThisIsNotImplementedYet", "description": ""}}, {"model": "proposal.setting", "pk": 84, "fields": {"group": "Etherpad", "name": "obfuscatepads", "value": "True", "description": ""}}, {"model": "proposal.setting", "pk": 85, "fields": {"group": "Gantts", "name": "wpmilestonesuncompressedshow", "value": "True", "description": ""}}, {"model": "proposal.template", "pk": 3, "fields": {"name": "partner-table.tex", "description": "Produce a table with all partners, suitable for titlepage", "template": "\\noindent\r\n{\r\n\\begin{tabular}{cp{8cm}ll}\r\n\\toprule\r\nParticipant no. & Participant organisation & Short name & Country \\\\\r\n\\midrule\r\n///% for p in Partner -%///\r\n/// loop.index ///   &  /// p.partnername /// & /// p.shortname ///  &  ///  p.country ///  \\\\\r\n///% endfor %///\r\n\\bottomrule\r\n\\end{tabular}\r\n}", "startpoint": false}}, {"model": "proposal.template", "pk": 4, "fields": {"name": "titlepage.tex", "description": "Template to produce the titlepage of the proposal PDF", "template": "% Titlepage repls\r\n\r\n\\begin{center}\r\n{\\LARGE  STREP  } \\\\[.2cm]\r\n{\\large  /// Project.callid ///   } \\\\[.4cm]\r\n{\\LARGE \\textbf{  /// Project.title ///  } } \\\\[.3cm]\r\n{\\LARGE Acronym: \\textbf{  /// Project.shortname ///  } } \\\\[.3cm] \r\n\\end{center}\r\n{\\large Date of Preparation: \\today, \\currenttime }\\\\[1em]\r\n\\begin{large}\r\n\\begin{description}\r\n\\item[Work program topics  addressed:]  /// Project.callobjectives ///\r\n\\item[Coordinator:] /// Project.coordinatorName  ///\r\n\\item[e-mail:] {\\url{ /// Project.coordinatorEmail /// } }\r\n\\item[tel/fax:]   /// Project.coordinatorPhone ///\r\n\\end{description}\r\n\\end{large}\r\n\r\n\\input{partner-table}", "startpoint": false}}, {"model": "proposal.template", "pk": 5, "fields": {"name": "main.tex", "description": "This is the starting file for standard proposal generation. Only edit this when you've carefully read the manual and REALLY know what you are doing!", "template": "\\documentclass[a4paper,11pt,twoside]{scrreprt}\r\n\r\n\r\n%%%%%%%%%%%%%%%%%%%%%%%%%%%%%%%%%%%%%%%%%%%%%\r\n% packages were the user might want to configure a few things: \r\n\r\n\\usepackage{longtable}\r\n\r\n% should there be space for page headings in the page layout? \r\n\\usepackage{fullpage}\r\n% \\usepackage[headings]{fullpage}\r\n\r\n%% KOMA Options (for details and further options, look into the KOMA \r\n%% documentation) \r\n% should there be horizontal lines in header and footer? \r\n% \\KOMAoptions{headsepline=true,footsepline=true}\r\n\r\n% should there be standard headings? \r\n%\\KOMAoptions{headings=normal}\r\n\r\n\r\n% how should fixme's be displayed? \r\n\\usepackage[inline,nomargin,draft]{fixme}\r\n\r\n% to display the commission hints: \r\n\\newcommand{\\commissionhints}[1]{ \\begin{minipage}{0.9\\textwidth} \\color{Coral} \\small #1 \\end{minipage}}\r\n\r\n\r\n\r\n\r\n%%%%%%%%%%%%%%%%%%%%%%%%%%%%%%%%%%%%\r\n% packages that are needed or highly advisable, \r\n% but which should not needed any configuration \r\n\r\n\\usepackage[utf8]{inputenc}\r\n\\usepackage[numbers]{natbib}\r\n\\usepackage{checkend}\r\n\\usepackage{varioref}\r\n\\usepackage{subfigure}\r\n\\usepackage{hyperref}\r\n\\usepackage{booktabs}\r\n\\usepackage{xtab}\r\n\\usepackage{tabularx}\r\n\\usepackage{adjustbox}\r\n\\usepackage{capt-of}\r\n\\usepackage{acronym}\r\n\r\n\\usepackage{pdflscape}\r\n\\newlength\\landscapewidth\r\n\\newlength\\landscapeheight\r\n\r\n\\usepackage{multicol}\r\n\r\n\\usepackage[svgnames,table]{xcolor}\r\n\\usepackage[alwaysadjust]{paralist}\r\n\\usepackage{url}\r\n\\usepackage{calc}\r\n\\usepackage{ifthen}\r\n\\newcommand{\\ifTrue}[3]{\\ifthenelse{\\equal{True}{#1}}{#2}{#3}}\r\n\r\n\\usepackage{tikz}\r\n\\usepackage{styles/pgf-pie}\r\n\r\n\\usepackage{framed}\r\n\\usepackage{comment}\r\n\r\n\\usepackage{mathptmx}\r\n\\usepackage[scaled=.90]{helvet}\r\n\\usepackage{courier}\r\n\r\n\r\n\\usepackage{textcomp}           %for euro symbol\r\n\r\n\\usepackage{graphicx}\r\n\\graphicspath{ {../}{Figures/}{figures/}}\r\n\r\n%%% make sure to use the pgfgantt file from the SVN! \r\n\\usepackage{styles/pgfgantt}\r\n\r\n%%% Needed to redefine bibliography environment to get rid of the\r\n%%% chapter heading \r\n\\usepackage{styles/bibhack}\r\n\r\n\r\n\r\n\r\n\r\n%%%% to get references to the deliverables \r\n\\makeatletter\r\n\\newcommand{\\labitem}[2]{%\r\n\\def\\@itemlabel{\\textbf{#1}:}\r\n\\item\r\n\\def\\@currentlabel{#1}\\label{#2}}\r\n\\makeatother\r\n\r\n\r\n\r\n% compact bibliography: \r\n\\let\\oldbibliography\\thebibliography\r\n\\renewcommand{\\thebibliography}[1]{%\r\n  \\oldbibliography{#1}%\r\n  \\setlength{\\itemsep}{0pt}%\r\n}\r\n\r\n\r\n%%%%%%%%%%%%%%%%%%%%%%%%%%%%%%%%%%%%%%%%%\r\n%%%% import all the settings that result from switches in settings.cfg \r\n% \\input{settings}\r\n\r\n% how deeply should headings be numbered? \r\n\\setcounter{secnumdepth}{///Setting.LaTeX.secNumDepth///}\r\n\r\n% to what level should the table of content display sections? \r\n\\setcounter{tocdepth}{///Setting.LaTeX.tocLevel///}\r\n\r\n%%%%%\r\n% compact lists options \r\n% TODO: check whether this works before loading the package? \r\n\\setlength{\\pltopsep}{0.5ex}\r\n\\setlength{\\plitemsep}{0.25ex}\r\n\r\n\\usepackage{datetime}\r\n\r\n%%%%%%%%%%%%%%%%%%%%%%%%%%\r\n% a counter to reference to WP tables \r\n%%%% to get references to WPs and tasks \r\n\r\n\r\n\\newcounter{WpCounter}\r\n\\newcommand{\\WpCounter}[1] {%\r\n  \\refstepcounter{WpCounter}\r\n  \\label{#1}\r\n}\r\n\r\n\\renewcommand{\\theWpCounter}{WP\\,\\arabic{WpCounter}}\r\n\r\n\r\n\\newcounter{TaskCounter}[WpCounter]\r\n\\newcommand{\\TaskCounter}[1]{%\r\n  \\refstepcounter{TaskCounter}\r\n  \\label{#1}\r\n}\r\n\r\n\\renewcommand{\\theTaskCounter}{T\\,\\arabic{WpCounter}.\\arabic{TaskCounter}}\r\n\r\n\\newcounter{DelCounter}[WpCounter]\r\n\\newcommand{\\DelCounter}[1]{%\r\n  \\refstepcounter{DelCounter}\r\n  \\label{#1}\r\n}\r\n\r\n\\renewcommand{\\theDelCounter}{D\\,\\arabic{WpCounter}.\\arabic{DelCounter}}\r\n\r\n\r\n\\newcounter{MsCounter}[WpCounter]\r\n\\newcommand{\\MsCounter}[1]{%\r\n  \\refstepcounter{MsCounter}\r\n  \\label{#1}\r\n}\r\n\r\n\\renewcommand{\\theMsCounter}{MS\\,\\arabic{WpCounter}.\\arabic{MsCounter}}\r\n\r\n\r\n\r\n%%%%\r\n% from https://github.com/jgm/pandoc-templates/blob/master/default.latex: \r\n\\providecommand{\\tightlist}{%\r\n  \\setlength{\\itemsep}{0pt}\\setlength{\\parskip}{0pt}}\r\n\r\n%%%% \r\n\\ifTrue{///Setting.LaTeX.showCommissionHints///}{}{\r\n\\renewcommand{\\commissionhints}[1]{}\r\n}\r\n\r\n\\ifTrue{///Setting.LaTeX.useShowkeys///}{\r\n\\usepackage{showkeys}}{}\r\n\r\n\r\n%-----------------\r\n% load further packages \r\n///Setting.CustomLaTeX.packages///\r\n\r\n\\begin{document}\r\n\r\n\\setlength\\landscapewidth{\\textheight}\r\n\\setlength\\landscapeheight{\\textwidth+2\\headsep}\r\n\r\n\r\n\r\n\\pagenumbering{roman}\r\n\\thispagestyle{empty}\r\n\\input{titlepage}\r\n\r\n\r\n\\newpage\r\n\\noindent \\textbf{Proposal Abstract}\r\n\\addcontentsline{toc}{chapter}{\\protect\\numberline{}Abstract}\r\n\\par\\medskip\\noindent\r\n\\input{ProposalAbstract}\r\n\r\n\r\n{\\small\\tableofcontents\r\n\\ifTrue{///Setting.LaTeX.showListOfTables///}{\r\n  \\listoftables\r\n  \\addcontentsline{toc}{chapter}{\\protect\\numberline{}List of Tables}\r\n}{}\r\n\\ifTrue{///Setting.LaTeX.showListOfFigures///}{\r\n  \\listoffigures\r\n  \\addcontentsline{toc}{chapter}{\\protect\\numberline{}List of Figures}\r\n}{}\r\n\\ifTrue{///Setting.LaTeX.showAcronymList///}{\r\n  \\chapter*{List of Acronyms}\r\n  \\addcontentsline{toc}{chapter}{\\protect\\numberline{}List of Acronyms}\r\n  \\input{AcronymsList}\r\n}{}\r\n}\r\n\r\n\r\n\\ifTrue{///Setting.LaTeX.showWarnings///}{\r\n\\newpage\r\n\\listoffixmes\r\n\\IfFileExists{warnings.tex}{\r\n  \\begin{compactitem}\r\n    \\input{warnings}\r\n  \\end{compactitem}}{No warnings found!}\r\n}{\\renewcommand{\\fxnote}[1]{}\r\n\\renewcommand{\\fxwarning}[1]{}\r\n\\renewcommand{\\fxerror}[1]{}\r\n\\renewcommand{\\fxfatal}[1]{}\r\n}\r\n\r\n\r\n\\cleardoublepage\r\n\\setcounter{part}{2}% part B\r\n\r\n\r\n\\pagenumbering{arabic}\r\n\\commissionhints{MAximum length for the whole of Section 1 \r\n--  twenty pages, not including the tables in Section 1.3}\r\n\r\n\\input{includer}\r\n\r\n\r\n\\appendix \r\n\\chapter{References}\r\n\r\n\\begin{footnotesize}\r\n  \\bibliographystyle{plainnat}\r\n  ///% for bib in Bibliography %///\r\n  \\bibliography{///bib|replace('.bib', '')///}\r\n  ///% endfor %///\r\n\\end{footnotesize}\r\n\r\n\\end{document}", "startpoint": true}}, {"model": "proposal.template", "pk": 6, "fields": {"name": "includer.tex", "description": "A template to pull together the individual text blocks. Here, order of the various sections is controlled.", "template": "% add input commands here\r\n\r\n\\input{ExcellenceAndObjectives}\r\n\\input{RelationWorkProgramme}\r\n\\input{ConceptAndApproach}\r\n\\input{AmbitionDescription}\r\n\\input{ExpectedImpacts}\r\n\\input{MeasuresMaximizeImpact}\r\n\r\n% %%%%%%%%%%%%%%%%%%%%%%%%%%%%%%%\r\n\r\n\\input{implementation}\r\n\r\n% % \\input{figures/tables/wpsummarytable}\r\n\r\n% \\clearpage \r\n\r\n% %%% a little demo to include all gantt charts, likely not useful! \r\n% \\input{figures/gantts/demoGantts}\r\n\r\n% % long Gantt charts might be best put on two pages, left the chart,\r\n% % right the legend: \r\n% \\input{figures/gantts/CompleteGanttFacingLegend}\r\n\r\n% % smaller Gantt chart and legend might be nicely put in\r\n% % standard floating environments\r\n\\input{CompleteGantt}\r\n% % \\input{figures/gantts/allLegend}\r\n\r\n% \\clearpage\r\n% % \\input{figures/gantts/CompleteGanttNoDelMS}\r\n\r\n% \\clearpage \r\n\r\n% % %%%\r\n\r\n\\input{DeliverablesTable}\r\n\\input{MilestonesTable}\r\n\r\n\\input{WpSummaryTable}\r\n\\input{EffortSummary}\r\n\\input{EffortDetails}\r\n\r\n\\clearpage\r\n\\input{WpList}\r\n\r\n\r\n\r\n% \\clearpage \r\n\r\n\r\n% % \\input{figures/tables/summaryEffort}\r\n% % \\input{figures/tables/effortPerTaskTable}\r\n\r\n\r\n\\input{ManagementStructureAndProcedures}\r\n\r\n\\input{consortium}\r\n\r\n\\input{resources}\r\n\r\n\\input{BudgetSummary}\r\n\\input{BudgetExplanations}\r\n\\input{PieCharts}\r\n\r\n\\input{RisksForImplementation}\r\n\r\n\\input{members}\r\n\r\n\\input{memberlist}\r\n% %%%%%%%%\r\n\r\n% \\newcommand{\\goodgap}{%\r\n% \\hspace{\\subfigtopskip}%\r\n% \\hspace{\\subfigbottomskip}}\r\n\r\n% % \\input{figures/pies/piePMsWPs}\r\n% % \\input{figures/pies/piePMsPartners}\r\n% % \\input{figures/pies/pieBudgetPartners}\r\n% % \\input{figures/pies/pieRequestedBudgetPartners}\r\n% % \\input{figures/pies/piePartnersCompact}\r\n\r\n\r\n% % \\input{figures/pies/piePMsNations}\r\n% % \\input{figures/pies/pieTotalCostNations}\r\n% % \\input{figures/pies/pieRequestedNations} \r\n% % \\input{figures/pies/pieNationsCompact} \r\n\r\n% % \\input{figures/pies/piePMsPartnerTypes}\r\n% % \\input{figures/pies/pieTotalCostPartnerType}\r\n% % \\input{figures/pies/pieRequestedPartnerType}\r\n% % \\input{figures/pies/piePartnerTypeCompact}\r\n\r\n\\input{third_parties}\r\n\r\n%%%%%%%%%%%%%%%%%%%%%%%%\r\n\r\n\r\n\\input{ethics_security}", "startpoint": false}}, {"model": "proposal.template", "pk": 7, "fields": {"name": "memberlist.tex", "description": "Generate the list of all partner descriptions", "template": "% Partner list goes here\r\n\r\n///% for p in Partner %///\r\n\r\n\\subsection{///p.partnername/// (///p.shortname///)}\r\n\\label{Partner:///p.shortname///}\r\n\r\n/// p.description ///\r\n\r\n///% if p.organization %///\r\n\\subsubsection{Organization}\r\n\\label{Partner:///p.shortname///:organization}\r\n\r\n/// p.organization ///\r\n///% endif %///\r\n\r\n///% if p.individuals %///\r\n\\subsubsection{Individual researchers}\r\n\\label{Partner:///p.shortname///:individual}\r\n\r\n/// p.individuals ///\r\n///% endif %///\r\n\r\n///% if p.partnerpublications %///\r\n\\subsubsection{Relevant publications, products, services}\r\n\\label{Partner:///p.shortname///:publications}\r\n\r\n/// p.partnerpublications ///\r\n///% endif %///\r\n\r\n///% if p.partnerprojects %///\r\n\\subsubsection{Relevant previous projects or activities}\r\n\\label{Partner:///p.shortname///:projects}\r\n\r\n/// p.partnerprojects ///\r\n///% endif %///\r\n\r\n///% if p.infrastructure %///\r\n\\subsubsection{Significant infrastructure}\r\n\\label{Partner:///p.shortname///:infrastructure}\r\n/// p.infrastructure ///\r\n///% endif %///\r\n\r\n\r\n///% endfor %///", "startpoint": false}}, {"model": "proposal.template", "pk": 8, "fields": {"name": "WpSummaryTable.tex", "description": "WP Summary table", "template": "% summary of all Work Packages \r\n\r\n\\begin{table}[bhtp]\r\n\\caption{Summary table of all work packages}\r\n\\label{tab:wpsummary}\r\n\\begin{tabular}{cp{0.25\\textwidth}cccrcc}\r\n\\toprule\r\n    WP No. & WP name & Type of & Lead & Lead & Person- & Start & End \\\\\r\n        & & activity & part. no. & short name & months & month & month \\\\\r\n\\midrule\r\n///% for wp in Workpackage %///\r\n\\ref{/// wp.tag ///} & \r\n///wp.title/// & \r\n///wp.type/// & \r\n/// wp.lead.order /// & \r\n///wp.lead.shortname /// & \r\n/// allEfforts|fieldfilter('wp', wp)|sum(attribute='effort')  ///    & \r\n///wp.startmonth /// & \r\n///wp.endmonth /// \\\\ \r\n///% endfor %///\r\n\\midrule\r\n\\multicolumn{2}{l}{Total:} & & & & ///allEfforts|sum(attribute='effort')/// & & \\\\\r\n\\bottomrule\r\n\\end{tabular}\r\n\\end{table}", "startpoint": false}}, {"model": "proposal.template", "pk": 9, "fields": {"name": "DeliverablesTable.tex", "description": "Produce a table summarizing all deliverables", "template": "\\ifTrue{///Setting.LaTeX.useMultipageDeliverableTable///}\r\n{% long version \r\n\\topcaption{Summary of all deliverables (Nature: O=Other, P=Prototype, R=Report; Dissemination: PU=Public, RE=Restricted, CO=Confidential)}\r\n \\label{tab:deliverablesummary}\r\n \\tablefirsthead{        \\toprule \r\n   Number  & Title & Due date & Nature & Diss. & Contributing task(s)\\\\\r\n        \\midrule\r\n }\r\n \\tablehead{\\toprule \r\n \t    \\multicolumn{6}{r}{\\emph{Table~\\ref{tab:deliverablesummary} continues from previous page}} \\\\\r\n\t    \\toprule \r\n   Number  & Title & Due date & Nature & Diss. & Contributing task(s)\\\\\r\n            \\midrule\r\n }\r\n \\tabletail{\\bottomrule \\multicolumn{6}{r}{\\emph{Table~\\ref{tab:deliverablesummary} continues on next page}} \\\\ \\bottomrule}\r\n \\tablelasttail{\\multicolumn{6}{r}{Table~\\ref{tab:deliverablesummary} ends} \\\\ \\bottomrule}\r\n\t\\begin{center}\r\n        \\begin{mpxtabular}{l|p{0.35\\textwidth}|c|c|c|p{0.15\\textwidth}}\r\n\t///% for d in Deliverable %///\r\n\t     \\ref{///d.tag///} & ///d.title/// & ///d.due /// & ///d.type.short /// & ///d.dissemination.short/// & \r\n/// d.tasklist///\r\n        \\\\\r\n        ///% endfor %///\r\n        \\bottomrule\r\n        \\end{mpxtabular}\r\n\t\\end{center}\r\n}\r\n{% short, single-page version of deliverable table \r\n \\begin{table}[hbtp]\r\n   \\caption{Summary of all deliverables (Nature: O=Other, P=Prototype, R=Report; Dissemination: PU=Public, RE=Restricted, CO=Confidential)}\r\n   \\label{tab:deliverablesummary}\r\n   \\begin{center}\r\n   \\begin{tabular}{l|p{0.35\\textwidth}|c|c|c|p{0.15\\textwidth}}\r\n   \\toprule\r\n   Number  & Title & Due date & Nature & Diss. & Contributing task(s)\\\\\r\n   \\midrule\r\n   % rows are the same in both versions of the table \r\n\t///% for d in Deliverable %///\r\n\t     \\ref{///d.tag///} & ///d.title/// & ///d.due /// & ///d.type.short /// & ///d.dissemination.short/// & \r\n/// d.tasklist///\r\n        \\\\\r\n        ///% endfor %///\r\n   \\bottomrule\r\n   \\end{tabular}\r\n   \\end{center}\r\n   \\end{table}\r\n}", "startpoint": false}}, {"model": "proposal.template", "pk": 10, "fields": {"name": "MilestonesTable.tex", "description": "Produce a table summarizing all existing milestones", "template": "\\ifTrue{///Setting.LaTeX.useMultipageMilestoneTable///}\r\n{% long version \r\n\\topcaption{Summary of all milestones}\r\n \\label{tab:milestonessummary}\r\n \\tablefirsthead{        \\toprule \r\n        Number  & Title & Due date   &  Means of verification & Contributing task(s) \\\\\r\n        \\midrule\r\n }\r\n \\tablehead{\\toprule \r\n \t    \\multicolumn{5}{r}{\\emph{Table~\\ref{tab:milestonessummary} continues from previous page}} \\\\\r\n\t    \\toprule \r\n            Number  & Title & Due date   &  Means of verification & Contributing task(s) \\\\\r\n            \\midrule\r\n }\r\n \\tabletail{\\bottomrule \\multicolumn{5}{r}{\\emph{Table~\\ref{tab:milestonessummary} continues on next page}} \\\\ \\bottomrule}\r\n \\tablelasttail{\\multicolumn{5}{r}{Table~\\ref{tab:milestonessummary} ends} \\\\ \\bottomrule}\r\n\t\\begin{center}\r\n        \\begin{mpxtabular}{l|p{0.3\\textwidth}|c|p{0.3\\textwidth}|p{0.1\\textwidth}}\r\n%\r\n///% for d in Milestone %///\r\n         \\ref{///d.tag///} & ///d.title/// & ///d.due /// & ///d.verification ///  & \r\n/// d.tasklist ///\r\n        \\\\\r\n        ///% endfor %///\t\r\n%\r\n        \\bottomrule\r\n        \\end{mpxtabular}\r\n\t\\end{center}\r\n}\r\n{% short, single-page version of deliverable table \r\n  \\begin{table}[hbtp]\r\n        \\caption{Summary of all milestones}\r\n        \\label{tab:milestonessummary}\r\n\t\\begin{center}\r\n        \\begin{tabular}{l|p{0.3\\textwidth}|c|p{0.3\\textwidth}|p{0.1\\textwidth}}\r\n        \\toprule \r\n        Number  & Title & Due date   &  Means of verification & Contributing task(s) \\\\\r\n        \\midrule\r\n%\r\n///% for d in Milestone %///\r\n         \\ref{///d.tag///} & ///d.title/// & ///d.due /// & ///d.verification ///  & \r\n/// d.tasklist ///\r\n        \\\\\r\n        ///% endfor %///\t\r\n%\r\n        \\bottomrule\r\n        \\end{tabular}\r\n\t\\end{center}\r\n        \\end{table}\r\n}", "startpoint": false}}, {"model": "proposal.template", "pk": 11, "fields": {"name": "EffortSummary.tex", "description": "Produce a table showing Person month effort over partners and workpackages. Controlled by setting Setting.Summaries.showEffortPartnerWPs", "template": "\\ifTrue{///Setting.Summaries.showEffortPartnerWPs///}{\\begin{table}\r\n \\caption{Summary of all effort over all partners and workpackages}\r\n \\label{tab:summaryEffortperWP}\r\n \\begin{center}\r\n \\begin{tabular}{l///'c'*Workpackage|length///r}\r\n \\toprule\r\n Partner \r\n ///% for wp in Workpackage %///\r\n  &   \\ref{///wp.tag///}\r\n ///% endfor %///\r\n& Total\r\n \\\\\r\n \\midrule\r\n///% for p in Partner %///\r\n  /// p.shortname ///\r\n  ///% for wp in Workpackage %///\r\n     &\r\n     /// allEfforts|fieldfilter('partner', p)|fieldfilter('wp', wp)|map(attribute='effort')|sum ///\r\n  ///% endfor %///\r\n  & /// allEfforts|fieldfilter('partner', p)|map(attribute='effort')|sum ///\r\n \\\\\r\n///% endfor %///\r\n \\midrule\r\n Total\r\n  ///% for wp in Workpackage%///\r\n     &\r\n     /// allEfforts|fieldfilter('wp', wp)|map(attribute='effort')|sum ///\r\n  ///% endfor %///\r\n  & /// allEfforts|map(attribute='effort')|sum ///\r\n \\\\\r\n \\bottomrule\r\n \\end{tabular}\r\n \\end{center}\r\n \\end{table}\r\n }{}", "startpoint": false}}, {"model": "proposal.template", "pk": 12, "fields": {"name": "WpList.tex", "description": "Produce the tables of workpackages.", "template": "///%- macro centerer(s) -%///\r\n\\hfill {///s///} \\hfill \\vadjust{}\r\n///%- endmacro -%///\r\n\r\n\\section{Work package tables}\r\n\\label{sec:wptables}\r\n\r\n///% for wp in Workpackage %///\r\n\\subsection{WP ///wp.order///: ///wp.title///}\r\n\\WpCounter{///wp.tag///}\r\n% \\label{///wp.tag///}\r\n%\\labitem{WP,\\///wp.order///}{///wp.tag///}\r\n\r\n% table header: \r\n\\begin{tabular}{\r\n|p{0.///Setting.WPTables.firstColumnWidth///\\textwidth} \r\n/// ( '|p{'+ \r\n( Setting.WPTables.tabularCorrection|float * (100.0 - Setting.WPTables.firstColumnWidth|int) / Setting.WPTables.maxPartnersPerRow|int  / 100.0 )|string  + \r\n'\\\\textwidth}' + Setting.WPTables.wptablespacing )   * Setting.WPTables.maxPartnersPerRow|int /// \r\n| } \r\n\\hline \r\n% fill in the header: \r\n% which WP? \r\n\\textbf{Work package no.} & \r\n\\multicolumn{1}{c|}{\\ref{///wp.tag///}} & \r\n\\multicolumn{///Setting.WPTables.maxPartnersPerRow|int - 1 ///}{l|}{\\textbf{Start date:} M\\, ///wp.startmonth ///}\r\n\\\\ \r\n\\hline \r\n% WP Title row \r\n\\textbf{Work package title} & \r\n\\multicolumn{///Setting.WPTables.maxPartnersPerRow///}{l|}{///wp.title///}\r\n\\\\\r\n\\hline\r\n% Activity type line \r\n\\textbf{Activity type} & \\multicolumn{///Setting.WPTables.maxPartnersPerRow///}{l|}{///wp.type/// \\hfill}\r\n\\\\\r\n\\hline\r\n%%%%%%%%%%%%%%%%%%\r\n% Partner lists\r\n///% for line in range(0, (Partner|count // Setting.WPTables.maxPartnersPerRow|int) + 1) %///\r\n%% groups of three lines: participant number, short name of participant, personb months \r\nPart.\\ no.\\  \r\n///% for n in range(line * Setting.WPTables.maxPartnersPerRow|int +1, (line+1) * Setting.WPTables.maxPartnersPerRow|int+1) %///\r\n&\r\n///% if n <= Partner|length  %///\r\n/// centerer(n) ///  \r\n///% endif %///\r\n///% endfor %///\r\n\\\\ \\hline\r\nShort name \r\n///% for n in range(line * Setting.WPTables.maxPartnersPerRow|int +1, (line+1) * Setting.WPTables.maxPartnersPerRow|int+1) %///\r\n&\r\n///% if n <= Partner|length  %///\r\n/// centerer(Partner[n-1].shortname) ///  \r\n///% endif %///\r\n///% endfor %///\r\n\\\\ \\hline \r\n% and the budget line \r\nPerson months  \r\n///% for n in range(line * Setting.WPTables.maxPartnersPerRow|int +1, (line+1) * Setting.WPTables.maxPartnersPerRow|int+1) %///\r\n&\r\n///% if n <= Partner|length  %///\r\n/// centerer(allEfforts|fieldfilter('wp', wp)|fieldfilter('partner', Partner[n-1])|sum(attribute='effort')) ///  \r\n///% endif %///\r\n///% endfor %///\r\n\\\\ \\hline \r\n///% endfor %///  % partner list \r\n\\end{tabular}\r\n%%------------------------------\r\n%  This completes the table header\r\n\r\n\\begin{framed}\r\n\\subsection*{Objectives}\r\n\r\n/// wp.objectives|pandoc(starred=True) ///\r\n\\end{framed}\r\n\r\n\r\n\\begin{framed}\r\n\\subsection*{Description of work package \\ref{///wp.tag///}}\r\n\\ifTrue{///Setting.WPTables.wpdescriptionShowsLeader///}{(workpackage leader: ///wp.lead.shortname///}{}\r\n\r\n///wp.description|pandoc(starred=True) ///\r\n\\end{framed}\r\n\r\n\\begin{framed}\r\n\\noindent \\textbf{Tasks of work package \\ref{///wp.tag///}}\r\n\r\n%% build a list of the tasks and their adminstrative data; task descriptions follow below \r\n\\begin{compactdesc}\r\n///% for task in wp.task_set.all() %///\r\n\\item \\ref{///task.tag///} ///task.title///\r\n% show task duration interval(s)\r\n\\ifTrue{///Setting.WPTables.tasklistShowsDuration///}{\r\n \\hfill (/// task.interval()|formatListofTuples('M\\,{0} -- M\\,{1}')|join(', ')///)\r\n }{}\r\n%\r\n\\ifTrue{///Setting.WPTables.tasklistShowsPartners///}{\r\n~\\\\ Contributing partners:\r\n/// task.contributors()|sort|listBoldfacer(task.lead.shortname)|join(', ')///\r\n}{}\r\n%\r\n\\ifTrue{///Setting.WPTables.tasklistShowsDeliverables///}{\r\n~\\\\ Contributing to Deliverables:~\r\n///% set comma = joiner(\", \") %///\r\n///% for d in task.deliverable_set.all() %///\r\n///- comma() -/// \\textbf{\\ref{/// d.tag ///}}\r\n///% endfor %///\r\n///% for d in task.deliverable_secondaryTasks.all() %///\r\n///- comma() -/// \\ref{/// d.tag ///}\r\n///% endfor %///\r\n }{}\r\n%\r\n%\r\n\\ifTrue{///Setting.WPTables.tasklistShowsMilestones///}{\r\n~\\\\ Contributing to Milestones:~\r\n///% set comma = joiner(\", \") %///\r\n///% for d in task.milestone_set.all() %///\r\n///- comma() -/// \\textbf{\\ref{/// d.tag ///}}\r\n///% endfor %///\r\n///% for d in task.milestone_secondaryTasks.all() %///\r\n///- comma() -/// \\ref{/// d.tag ///}\r\n///% endfor %///\r\n }{}\r\n%\r\n///% endfor %///  % tasks\r\n\\end{compactdesc}\r\n{\\footnotesize \\emph{Lead partners are shown in bold.}}\r\n\\end{framed}\r\n\r\n%%%%%%%%%%%%%%%%%%\r\n% The descriptions of the individual tasks\r\n///% for task in wp.task_set.all() %///\r\n\\begin{framed}\r\n\\noindent \\textbf{Description of Task \\ref{///task.tag///}: ///task.title///}\r\n\\TaskCounter{///task.tag///}\r\n\\ifTrue{///Setting.WPTables.taskboxShowsLeader///}{(Task leader: ///task.lead.shortname///)}{}\r\n\\ifTrue{///Setting.WPTables.taskboxShowTaskTotalEffort///}{\\\\Total task\r\n  effort (including hosted deliverables/milestones): \r\n///allEfforts|fieldfilter('task',task)|sum(attribute='effort')///\\,PM}{}\r\n\\ifTrue{///Setting.WPTables.taskboxShowTaskSpecificEffort///}{\\\\Task\r\n  effort  (not including hosted deliverables/milestones): \r\n/// task.taskpartnerpm_set.all()|sum(attribute='effort') ///\\,PM}{}\r\n\\ifTrue{///Setting.WPTables.taskboxShowsObjectives ///}{ ~\\\\[0.2cm]\r\n \\noindent \\textbf{Task objectives:} ///task.objectives|pandoc(starred=True)///}{}\r\n \\ifTrue{///Setting.WPTables.taskboxShowsDescription///}{~ \\\\[0.2cm]\r\n \\noindent \\textbf{Description of task work:} ///task.description|pandoc(starred=True)///}{}\r\n\r\n \\ifTrue{///Setting.WPTables.taskboxShowsDeliverables///}{\r\n///% if task.deliverable_set.all() %///\r\n~\\\\[0.3cm]\r\n \\noindent {\\centering\r\n \\begin{tabular}{lp{0.7\\textwidth}l}\r\n \\multicolumn{3}{l}{\\textbf{Deliverables produced by Task \\ref{///task.tag///}:} } \\\\\r\n \\toprule\r\n Del.\\ no. & Deliverable name & Due \\\\\r\n \\midrule\r\n///% for d in task.deliverable_set.all() %///\r\n\\ref{///d.tag///} &  /// d.title /// & /// d.due ///\r\n\\\\\r\n///% endfor %///\r\n \\bottomrule\r\n \\end{tabular} }\r\n///% endif %///\r\n///% if task.deliverable_secondaryTasks.all() %///\r\n~\\\\[0.3cm]\r\n \\noindent {\\centering\r\n \\begin{tabular}{lp{0.7\\textwidth}l}\r\n \\multicolumn{3}{l}{\\textbf{Deliverables contributed to by Task \\ref{///task.tag///}:} } \\\\\r\n \\toprule\r\n Del.\\ no. & Deliverable name & Due \\\\\r\n \\midrule\r\n///% for d in task.deliverable_secondaryTasks.all() %///\r\n\\ref{///d.tag///} &  /// d.title /// & /// d.due ///\r\n\\\\\r\n///% endfor %///\r\n \\bottomrule\r\n \\end{tabular} }\r\n///% endif %///\r\n }{}\r\n\\ifTrue{///Setting.WPTables.taskboxShowsMilestones///}{\r\n///% if task.milestone_set.all() %///\r\n~\\\\[0.3cm]\r\n \\noindent {\\centering\r\n \\begin{tabular}{lp{0.7\\textwidth}l}\r\n \\multicolumn{3}{l}{\\textbf{Milestones produced  by Task \\ref{///task.tag///}:} } \\\\\r\n \\toprule\r\n MS.\\ no. & Milestone name & Due \\\\\r\n \\midrule\r\n///% for m in task.milestone_set.all() %///\r\n\\ref{/// m.tag ///} & ///m.title/// & ///m.due /// \\\\\r\n///% endfor %///\r\n \\bottomrule\r\n \\end{tabular} }\r\n///% endif %///\r\n///% if task.milestone_secondaryTasks.all() %///\r\n~\\\\[0.3cm]\r\n \\noindent {\\centering\r\n \\begin{tabular}{lp{0.7\\textwidth}l}\r\n \\multicolumn{3}{l}{\\textbf{Milestones contributed to  by Task \\ref{///task.tag///}:} } \\\\\r\n \\toprule\r\n MS.\\ no. & Milestone name & Due \\\\\r\n \\midrule\r\n///% for m in task. milestone_secondaryTasks.all()  %///\r\n\\ref{/// m.tag ///} & ///m.title/// & ///m.due /// \\\\\r\n///% endfor %///\r\n \\bottomrule\r\n \\end{tabular} }\r\n///% endif %///\r\n }{}  % end showMilestones \r\n\r\n \\ifTrue{///Setting.WPTables.taskboxShowsPartners///}{\r\n ~ \\\\[0.2cm] \\noindent \\textbf{Partners contributing to this task:}\r\n\\textbf{///task.lead.shortname///} %\r\n///% for tppm in task.taskpartnerpm_set.exclude(partner=task.lead)  %///\r\n, /// tppm.partner.shortname ///\r\n///% endfor %///\r\n }{}\r\n\r\n\\end{framed}\r\n///% endfor %///  % tasks\r\n\r\n%--------------------------------------------------\r\n\r\n\r\n% details on deliverables and milestones\r\n \\begin{framed}\r\n\r\n%----------------\r\n % deliverables: \r\n///% if Deliverable.filter(maintask__wp=wp)  %///  \r\n \\noindent \\textbf{Deliverables for Workpackage \\ref{///wp.tag///}:}\r\n \\begin{compactdesc}\r\n ///% for d in Deliverable.filter(maintask__wp=wp) %///\r\n\\item[///d.title ///]   \\DelCounter{///d.tag///}\r\n\\ifTrue{///Setting.WPTables.deliverablesWPshowDue///}{\\hfill\r\n  (M\\,///d.due///)}{}\r\n\\ifTrue{///Setting.WPTables.deliverablesWPshowTasks///}{%\r\n~\\\\ Contributing tasks: \r\n   ///% if d.maintask %/// \\textbf{\\ref{///d.maintask.tag///}} % ///% endif %/// \r\n   ///%- for t in d.secondarytasks.all() -%///   , \\ref{///t.tag///}\r\n   ///% endfor %/// % secondary tasks for deliverable \r\n}{}\r\n\\ifTrue{///Setting.WPTables.deliverablesWPshowPartners///}{\r\n\\\\ Contributing partners: \r\n///% for p in d.deliverablepartnertaskpm_set.all() %///\r\n///% set comma = joiner(\", \") %///\r\n///% if p.partner == d.lead %///\r\n///- comma() -/// \\textbf{///p.partner.shortname///}\r\n///% else %///\r\n///- comma() -/// ///p.partner.shortname///\r\n///% endif %///\r\n///% endfor %///\r\n}{}\r\n\\ifTrue{///Setting.WPTables.deliverablesWPshowTotalEffort///}{\r\n\\\\Effort: /// d.deliverablepartnertaskpm_set.all()|sum(attribute='effort') ///\r\n}{}\r\n\\ifTrue{///Setting.WPTables.deliverablesWPshowDescription///}{\r\n  \\\\ Brief description: ///d.description|pandoc(starred=True)///\r\n}{}\r\n\r\n% XXX\r\n///% endfor %/// % deliverable \r\n \\end{compactdesc}\r\n///% endif %///  % end of if devlierables \r\n\r\n%---------- milestones for WP \r\n\r\n///% if Milestone.filter(maintask__wp=wp) %///\r\n \\noindent \\textbf{Milestones for Workpackage \\ref{///wp.tag///}:}\r\n \\begin{compactdesc}\r\n ///% for d in Milestone.filter(maintask__wp=wp) %///\r\n\\item[///d.title ///]   \\MsCounter{///d.tag///}\r\n\\ifTrue{///Setting.WPTables.milestonesWPshowDue///}{\\hfill\r\n  (M\\,///d.due///)}{}\r\n\\ifTrue{///Setting.WPTables.milestonesWPshowTasks///}{%\r\n~\\\\ Contributing tasks: \r\n   ///% if d.maintask %/// \\textbf{\\ref{///d.maintask.tag///}} % ///% endif %///\r\n   ///%- for t in d.secondarytasks.all() -%///   , \\ref{///t.tag///}\r\n   ///% endfor %/// % secondary tasks for milestones \r\n}{}\r\n\\ifTrue{///Setting.WPTables.milestonesWPshowPartners///}{\r\n\\\\ Contributing partners: \r\n///% for p in d.milestonepartnertaskpm_set.all() %///\r\n///% set comma = joiner(\", \") %///\r\n///% if p.partner == d.lead %///\r\n///- comma() -/// \\textbf{///p.partner.shortname///}\r\n///% else %///\r\n///- comma() -/// ///p.partner.shortname///\r\n///% endif %///\r\n///% endfor %///\r\n}{}\r\n\\ifTrue{///Setting.WPTables.milestonesWPshowTotalEffort///}{\r\n\\\\Effort: /// d.milestonepartnertaskpm_set.all()|sum(attribute='effort') ///\r\n}{}\r\n\\ifTrue{///Setting.WPTables.milestonesWPshowDescription///}{\r\n ~\\\\ Brief description: ///d.description|pandoc(starred=True)///\r\n ~\\\\ Means of verification: ///d.verification|pandoc(starred=True)///\r\n}{}\r\n% XXX\r\n///% endfor %/// % milestones \r\n \\end{compactdesc}\r\n///% endif %///\r\n\r\n\\end{framed}\r\n\r\n///% endfor %/// % workpakcages", "startpoint": false}}, {"model": "proposal.template", "pk": 13, "fields": {"name": "EffortDetails.tex", "description": "Produce a table with the effort in PMs per task, per partner. Various layouts possible, controlled by multiple settings.", "template": "///%- macro effortHeader() -%///\r\n Task & Task name & Total PM & \r\n/// Partner|map(attribute='shortname')|join(' & ') ///\r\n\\\\ \r\n///%- endmacro -%///\r\n\r\n\r\n///%- macro effortPerTaskRowsWP() -%///\r\n  ///% for wp in Workpackage %///\r\n    % print the individual task rows, for all the tasks in this wp \r\n    ///% for t in wp.task_set.all() %///\r\n    \\ref{///t.tag///} \r\n    & /// t.title /// \r\n    % total effort in this task \r\n    & /// allEfforts|fieldfilter('task', t)|sum(attribute='effort') ///\r\n    ///% for p in Partner %///\r\n       &\r\n       ///% if p == t.lead %///  \\textbf{ ///% endif %/// \r\n        /// allEfforts|fieldfilter('task', t)|fieldfilter('partner', p)|sum(attribute='effort') ///\r\n      ///% if p == t.lead %///  } ///% endif %///      \r\n    ///% endfor %///\r\n    \\\\\r\n    ///% endfor %///\r\n    % and the summary for this wp: \r\n    \\hline \r\n    \\rowcolor[gray]{0.9}\r\n    \\multicolumn{2}{l|}{\\cellcolor[gray]{0.9} \\textbf{\\ref{///wp.tag///}}} \r\n & /// allEfforts|fieldfilter('wp', wp)|sum(attribute='effort') ///\r\n    ///% for p in Partner %///\r\n      &  ///% if p == wp.lead %///  \\textbf{ ///% endif %/// \r\n          ///allEfforts|fieldfilter('wp', wp)|fieldfilter('partner', p)|sum(attribute='effort') ///\r\n          ///% if p == wp.lead %///  } ///% endif %///\r\n      ///% endfor %///\r\n    \\\\ \\hline\r\n  ///% endfor %///\r\n///%- endmacro -%///\r\n\r\n///%- macro effortSum() -%///\r\n   \\rowcolor[gray]{0.8} \\multicolumn{2}{l|}{\\cellcolor[gray]{0.8} \r\n  \\textbf{Project total: }} & \\textbf{///allEfforts|sum(attribute='effort')///}  \r\n    ///% for p in Partner %///\r\n      &  \r\n      ///allEfforts|fieldfilter('partner', p)|sum(attribute='effort') ///    \r\n    ///% endfor %///\r\n///%- endmacro -%///\r\n\r\n\r\n\\ifTrue{///Setting.Summaries.showEffortPartnerTasks///}\r\n{\\ifTrue{///Setting.LaTeX.useMultipageEffortTable///}\r\n{% Detailed effort table, multipage \r\n% \r\n\\ifTrue{///Setting.LaTeX.effortTableLandscape///}{\\begin{landscape}}{}\r\n \\topcaption{Effort per tasks and partners for entire project (in personmonths)}\r\n \\label{tab:effortPerTasks}\r\n \\tablefirsthead{ \\toprule /// effortHeader() /// \\midrule }\r\n \\tablehead{ \\toprule \\multicolumn{///3+Partner|length///}{r}{\\emph{Table~\\ref{tab:effortPerTasks} continues from previous page}} \\\\ ///effortHeader()/// \\midrule}\r\n \\tabletail{\\bottomrule \\multicolumn{///3+Partner|length///}{r}{\\emph{Table~\\ref{tab:effortPerTasks} continues on next page}} \\\\ \\bottomrule}\r\n \\tablelasttail{  \\multicolumn{///3+Partner|length///}{r}{\\emph{Table~\\ref{tab:effortPerTasks} ends}} \\\\ \\bottomrule}\r\n \\begin{center}\r\n \\begin{mpxtabular}{c|p{0.15\\textwidth}|c///' |c' * Partner|length///} \r\n ///effortPerTaskRowsWP()///\r\n  \\hline \r\n ///effortSum()///\r\n \\\\ \\bottomrule\r\n \\end{mpxtabular}\r\n \\end{center}\r\n \\ifTrue{///Setting.LaTeX.effortTableLandscape///}{\\end{landscape}}{}\r\n}\r\n{ %Detailed effort table, short version \r\n% ${effortPerTaskTableShort}\r\n\\ifTrue{///Setting.LaTeX.effortTableLandscape///}{\\begin{landscape}}{}\r\n \\begin{table}\r\n \\caption{Effort per tasks and partners for entire project (in personmonths)}\r\n \\label{tab:effortPerTasks}\r\n \\begin{center}\r\n \\small\r\n \\begin{tabular}{c|p{0.20\\textwidth}|c|///'|c' * Partner|length///} \r\n \\toprule \r\n /// effortHeader() /// \r\n  \\midrule\r\n /// effortPerTaskRowsWP () ///\r\n \\hline \r\n /// effortSum() ///\r\n \\\\ \\bottomrule\r\n \\end{tabular}\r\n \\end{center}\r\n \\end{table}\r\n \\ifTrue{///Setting.LaTeX.effortTableLandscape///}{\\end{landscape}}{}\r\n}}{}", "startpoint": false}}, {"model": "proposal.template", "pk": 14, "fields": {"name": "CompleteGantt.tex", "description": "Produce a Gantt chart for the entire project, along with table of deliverables and milestones as a legend. Very configurable by multiple settings.", "template": "% the project overall Gantt chart \r\n\r\n\r\n% the project overall Gantt chart \r\n\r\n\\begin{figure}[htbp]\r\n\\centering{\r\n\\maxsizebox{0.95\\textwidth}{0.95\\textheight}{\r\n\\begin{tikzpicture}\r\n      \\begin{ganttchart}[vgrid,hgrid,\r\n      x unit=0.371cm, y unit chart = 0.75cm,\r\n      title label font={\\footnotesize},\r\n      bar height = 0.55,\r\n      bar top shift = 0.225,\r\n      inline, \r\n      milestone label font=\\color{black}\\small, \r\n      milestone label inline anchor={right=.1cm}, \r\n      bar label inline anchor={anchor=west}, bar label font=\\small,\r\n      link={-latex, rounded corners=1ex, thick}]{///Project.duration///}\r\n       \\gantttitlelist{1,...,///Project.duration///}{1}\r\n///% for wp in Workpackage %///\r\n% bars for each WP? \r\n\\ifTrue{///Setting.Gantts.showWPBar///}{\r\n\\\\ \r\n\\ganttgroup{}{///wp.startmonth///}{///wp.endmonth///}\r\n}{}\r\n\r\n% put the task bars\r\n///% for t in wp.task_set.all() %///\r\n  ///% for i in t.interval() %///\r\n   \\\\\r\n      \\ganttbar[name=\"///t.tag///-///loop.index///\"]\r\n{\\ref{///t.tag///} ///% if Setting.Gantts.ganttTaskbarsShowTaskname %///\r\n///% if loop.first %///\r\n~///t.title///\r\n///% else %///\r\n~Phase ///loop.index///\r\n///% endif %///\r\n///% endif %///}{///i.0///}{///i.1///}  \r\n  % links zwischen den Intervallen \r\n    ///% if not loop.first %///\r\n       \\ganttlink[link type=F-S]{\"///t.tag///-///loop.index-1///\"}{\"///t.tag///-///loop.index///\"}\r\n    ///% endif %///\r\n  ///% endfor %///  % interval in tasks \r\n///% endfor %///  % tasks \r\n\r\n%---------------\r\n%----------------------\r\n% then the deliverables \r\n///% for line, dellist in  wp.deliverable_set.all()|compactGantts|groupby('ganttLine') %///\r\n  \\\\\r\n  ///% for d in dellist  %///\r\n  \\ganttmilestone{\\ref{///d.tag///}}{///d.due///}\r\n  ///% endfor %///\r\n///% endfor %///\r\n%----------------------\r\n% and milestones \r\n///% for line, mslist in  wp.milestone_set.all()|compactGantts|groupby('ganttLine') %///\r\n  \\\\\r\n  ///% for ms in mslist  %///\r\n  \\ganttmilestone[milestone={fill=orange, rounded corners=5pt}]{\\ref{///ms.tag///}}{///ms.due///}\r\n  ///% endfor %///\r\n///% endfor %///\r\n\r\n%---------------\r\n\r\n///% endfor %/// % end of workpackage \r\n \\end{ganttchart} \r\n\\end{tikzpicture}\r\n}\r\n} % closes adjust box \r\n\\caption{Gantt chart of all work packages}\r\n\\label{fig:gantt-complete}\r\n\\label{fig:completeGantt}\r\n\\end{figure}\r\n\r\n\r\n%%%%%%%%%%%%%%%%%%%%%%%%%%%\r\n% and the legend table \r\n\r\n\\begin{table}\r\n  \\caption[List of all deliverables and milestones]{List of all deliverables and milestones shown in Figure~\\ref{fig:completeGantt}}\r\n  \\label{fig:allDelMSLegend}\r\n  \\begin{multicols}{2}\r\n    \\begin{compactitem}\r\n      ///% for d in Deliverable %///\r\n      \\item \\textbf{\\ref{///d.tag///}}: ///d.title /// (M\\,///d.due///)\r\n      ///% endfor %///\r\n      ///% for m in Milestone %///\r\n      \\item \\textbf{\\ref{///m.tag///}}: ///m.title /// (M\\,///m.due///)\r\n      ///% endfor %///\r\n    \\end{compactitem}\r\n  \\end{multicols}\r\n\\end{table}", "startpoint": false}}, {"model": "proposal.template", "pk": 15, "fields": {"name": "PieCharts.tex", "description": "Generate a couple of pie charts for budget, person month, countries, ... Details can be configured under settings.", "template": "% summary Pie Charts \r\n\r\n///% macro formatPie(x) %///\r\n  /// x|mapReduce('lambda a,b: a+b')|sort|\r\nroundPie|formatListofTuples(\"{1}/{0}\")|join(',') -///\r\n///% endmacro %///\r\n\r\n\r\n% a macro to create the tikzpicture and pick the right columns from a\r\n% table\r\n\r\n///% macro pie(table, colA, colB) -%///\r\n  \\begin{tikzpicture}\r\n \\pie[scale font]{/// formatPie (table|map2(colA, colB)) -/// \r\n}\r\n \\end{tikzpicture}\r\n///%- endmacro %///\r\n\r\n\r\n%----------------------------------------------------\r\n% a macro to build the entire figure environment, with captions etc. \r\n\r\n///% macro pieFigure(flag, table, colA, colB, caption, label) -%///\r\n\\ifTrue{///flag///}{\r\n \\begin{figure}[htbp]\r\n \\centering\r\n /// pie(table, colA, colB) ///\r\n \\caption{///caption///}\r\n \\label{///label///}\r\n \\end{figure}\r\n }{}\r\n///%- endmacro %///\r\n\r\n\r\n%--------------------------------------------------\r\n% a macro to produce compact figure with two subfigures \r\n\r\n///% macro pieCompact(flag, table1, col1A, col1B, table2, col2A,\r\n    col2B,caption, subcap1, subcap2, label) -%///\r\n\\ifTrue{///flag///}{\r\n \\begin{figure}[htbp]\r\n \\centering\r\n \\subfigure[///subcap1///]{\\adjustbox{width=0.3\\textwidth}{ \r\n /// pie(table1, col1A, col1B) ///}\r\n }\r\n\\qquad\r\n \\subfigure[///subcap2///]{\\adjustbox{width=0.3\\textwidth}{ \r\n /// pie(table2, col2A, col2B) ///}\r\n }\r\n \\caption{///caption///}\r\n \\label{///label///}\r\n \\end{figure}\r\n }{}\r\n///%- endmacro %///\r\n\r\n\r\n\r\n%-----------------------------------\r\n% produce the actual figures: \r\n% first, individual pictures: \r\n\r\n\r\n/// pieFigure(Setting.Summaries.piePMsPartners, \r\nallEfforts, 'partner.shortname', 'effort', \r\n'Distribution of person months over partners  (in percent) ',\r\n'fig:pie:pm:partner') ///\r\n\r\n/// pieFigure(Setting.Summaries.piePMsWPs, \r\nallEfforts, 'wp.title', 'effort', \r\n'Distribution of person months over work packages (in percent)',\r\n'fig:pie:pm:wp') ///\r\n\r\n\r\n\r\n/// pieFigure(Setting.Summaries.pieBudgetPartners, \r\nallEfforts, 'partner.shortname', 'effort', \r\n'Distribution of total requested budget over partners  (in percent)',\r\n'fig:pie:budget:partner') ///\r\n\r\n/// pieFigure(Setting.Summaries.piePMsNations, \r\nallEfforts, 'partner.country', 'effort', \r\n'Distribution of person months over nations (in percent)',\r\n'fig:pie:pm:nations') ///\r\n\r\n\r\n/// pieFigure(Setting.Summaries.piePMsPartnerTypes, \r\nallEfforts, 'partner.partnertype.shortname', 'effort', \r\n'Distribution of person months over partner types (in percent)',\r\n'fig:pie:pm:type') ///\r\n\r\n\r\n/// pieFigure(Setting.Summaries.pieBudgetPartners, \r\nPartner, 'shortname', 'requested_contribution', \r\n'Distribution of total requested budget over partners  (in percent)',\r\n'fig:pie:budget:partner') ///\r\n\r\n/// pieFigure(Setting.Summaries.pieTotalCostNations, \r\nallEfforts, 'partner.country', 'partner.total_cost', \r\n'Distribution of total cost over nations (in percent)',\r\n'fig:pie:total:nations') ///\r\n\r\n\r\n/// pieFigure(Setting.Summaries.pieTotalCostPartnerType, \r\nallEfforts, 'partner.partnertype.shortname', 'partner.total_cost', \r\n'Distribution of total cost over partner type (in percent)',\r\n'fig:pie:total:type') ///\r\n%===================================\r\n\r\n\r\n% and compact, side-by-side scenarios \r\n\r\n\r\n/// pieCompact(Setting.Summaries.piePartnersCompact,\r\nallEfforts, 'partner.shortname', 'effort', \r\nPartner, 'shortname', 'requested_contribution', \r\n'Distribution of resources over partners  (in percent)', \r\n'Person months', 'Requested contribution',\r\n'fig:pie:partner:compact'\r\n)///\r\n\r\n\r\n/// pieCompact(Setting.Summaries.pieNationsCompact,\r\nallEfforts, 'partner.country', 'effort', \r\nPartner, 'country', 'requested_contribution', \r\n'Distribution of resources over nations  (in percent)', \r\n'Person months', 'Requested contribution',\r\n'fig:pie:nation:compact'\r\n)///\r\n\r\n\r\n/// pieCompact(Setting.Summaries.piePartnerTypeCompact,\r\nallEfforts, 'partner.partnertype.shortname', 'effort', \r\nPartner, 'partnertype.shortname', 'requested_contribution', \r\n'Distribution of resources over partner type (in percent)', \r\n'Person months', 'Requested contribution',\r\n'fig:pie:type:compact'\r\n)///", "startpoint": false}}, {"model": "proposal.template", "pk": 16, "fields": {"name": "BudgetSummary.tex", "description": "A table to summarize all budget data; corresponds to the one required by the template.", "template": "\\begin{landscape}\r\n\\begin{table}\r\n\\caption{Budget for the proposal (corresponds to Table~3 in the proposal submission forms}\r\n\\label{tab:budgetsummary}\r\n\\begin{tabular}{ccrrrrrrrrrrr}\r\n\\toprule\r\nParticipant & Country \r\n& \\multicolumn{1}{p{0.08\\textwidth}}{(A)\\newline \\footnotesize Direct personnel costs/\\texteuro}\r\n& \\multicolumn{1}{p{0.08\\textwidth}}{(B)\\newline \\footnotesize Other direct costs/\\texteuro}\r\n& \\multicolumn{1}{p{0.08\\textwidth}}{(C)\\newline \\footnotesize Direct costs of subcontracting /\\texteuro}\r\n& \\multicolumn{1}{p{0.08\\textwidth}}{(D)\\newline \\footnotesize Direct costs of providing financial support  to third parties/\\texteuro}\r\n& \\multicolumn{1}{p{0.08\\textwidth}}{(E)\\newline \\footnotesize Costs of inkind contributions not used on the beneficiary's premises\\newline /\\texteuro}\r\n& \\multicolumn{1}{p{0.08\\textwidth}}{(F)\\newline \\footnotesize Indirect Costs/\\texteuro}\r\n& \\multicolumn{1}{p{0.08\\textwidth}}{(G)\\newline \\footnotesize Special unit costs covering direct \\& indirect costs}\r\n& \\multicolumn{1}{p{0.08\\textwidth}}{(H)\\newline \\footnotesize Total estimated eligible costs/\\texteuro}\r\n& \\multicolumn{1}{p{0.08\\textwidth}}{(I)\\newline \\footnotesize Re\\-im\\-burse\\-ment rate}\r\n& \\multicolumn{1}{p{0.08\\textwidth}}{(J)\\newline \\footnotesize Max.\\ grant/\\texteuro}\r\n& \\multicolumn{1}{p{0.08\\textwidth}}{(K)\\newline \\footnotesize Requested grant/\\texteuro}\r\n\\\\\r\n\\midrule\r\n///% for p in Partner %///\r\n /// p.shortname ///\r\n & /// p.country /// \r\n  & ///p.personnel_cost|round/// \r\n  & ///p.other_direct_cost|round /// \r\n  & ///p.subcontract_cost|round/// \r\n  & ///p.finanical_support_3rd|round/// \r\n  & ///p.inkind_contributions|round/// \r\n  & ///p.indirect_cost|round/// \r\n  & ???\r\n  & ///p.total_cost|round/// \r\n  & ///p.reimbursement_rate|round /// \r\n  & ///p.maxcontribution|round/// \r\n  & ///p.requested_contribution|round/// \r\n  \\\\ \r\n///% endfor %///\r\n\\midrule \r\nTotal & \r\n& /// Partner|map(attribute='personnel_cost')|sum|round  ///\r\n& /// Partner|map(attribute='other_direct_cost')|sum|round  ///\r\n& /// Partner|map(attribute='subcontract_cost')|sum|round  ///\r\n& /// Partner|map(attribute='finanical_support_3rd')|sum|round  ///\r\n& /// Partner|map(attribute='inkind_contributions')|sum|round  ///\r\n& /// Partner|map(attribute='indirect_cost')|sum|round  ///\r\n& ???\r\n& /// Partner|map(attribute='total_cost')|sum|round  ///\r\n& 100\r\n& /// Partner|map(attribute='maxcontribution')|sum|round  ///\r\n& /// Partner|map(attribute='requested_contribution')|sum|round  ///\r\n\\\\\r\n\\bottomrule\r\n\\end{tabular}\r\n\\end{table}\r\n\\end{landscape}", "startpoint": false}}, {"model": "proposal.template", "pk": 17, "fields": {"name": "BudgetExplanations.tex", "description": "If a partner provides any particular explanation for a cost category, generate a table with the corresponding entry for it.", "template": "///% for p in Partner %///\r\n\r\n///% if p.budget_explanations %///\r\n\r\n     \\begin{table}\r\n     \\caption{Budget explanations for partner ///p.shortname///}\r\n     \\label{tab:budgetExplanation:///p.shortname///}\r\n     \\begin{tabular}{p{0.15\\textwidth}rp{0.7\\textwidth}}\r\n       \\toprule\r\n       \\textbf{///p.shortname///} & Cost (\\texteuro) & Justification \\\\\r\n       \\midrule\r\n       ///% if p.other_direct_cost_explanation|pandoc %///\r\n       Other direct cost & ///p.other_direct_cost|round/// & ///p.other_direct_cost_explanation|pandoc/// \\\\\r\n       ///% endif %///\r\n       ///% if p.subcontract_cost_explanation|pandoc %///\r\n       Other direct cost & ///p.subcontract_cost|round/// & ///p.subcontract_cost_explanation|pandoc/// \\\\\r\n       ///% endif %///\r\n       \\bottomrule\r\n     \\end{tabular}\r\n     \\end{table}\r\n\r\n\r\n///% endif %///\r\n\r\n///% endfor %///", "startpoint": false}}]
